person_id,person_name,image_path
1,patron_0001,SEGO_NVR/monty_RSL/patron_0001.jpg
2,patron_0002,SEGO_NVR/monty_RSL/patron_0002.jpg
3,patron_0003,SEGO_NVR/monty_RSL/patron_0003.jpg
4,patron_0004,SEGO_NVR/monty_RSL/patron_0004.jpg
5,patron_0005,SEGO_NVR/monty_RSL/patron_0005.jpg
6,patron_0006,SEGO_NVR/monty_RSL/patron_0006.jpg
7,patron_0007,SEGO_NVR/monty_RSL/patron_0007.jpg
8,patron_0008,SEGO_NVR/monty_RSL/patron_0008.jpg
9,patron_0009,SEGO_NVR/monty_RSL/patron_0009.jpg
10,patron_0010,SEGO_NVR/monty_RSL/patron_0010.jpg
11,patron_0011,SEGO_NVR/monty_RSL/patron_0011.jpg
12,patron_0012,SEGO_NVR/monty_RSL/patron_0012.jpg
13,patron_0013,SEGO_NVR/monty_RSL/patron_0013.jpg
14,patron_0014,SEGO_NVR/monty_RSL/patron_0014.jpg
15,patron_0015,SEGO_NVR/monty_RSL/patron_0015.jpg
16,patron_0016,SEGO_NVR/monty_RSL/patron_0016.jpg
17,patron_0017,SEGO_NVR/monty_RSL/patron_0017.jpg
18,patron_0018,SEGO_NVR/monty_RSL/patron_0018.jpg
19,patron_0019,SEGO_NVR/monty_RSL/patron_0019.jpg
20,patron_0020,SEGO_NVR/monty_RSL/patron_0020.jpg
21,patron_0021,SEGO_NVR/monty_RSL/patron_0021.jpg
22,patron_0022,SEGO_NVR/monty_RSL/patron_0022.jpg
23,patron_0023,SEGO_NVR/monty_RSL/patron_0023.jpg
24,patron_0024,SEGO_NVR/monty_RSL/patron_0024.jpg
25,patron_0025,SEGO_NVR/monty_RSL/patron_0025.jpg
26,patron_0026,SEGO_NVR/monty_RSL/patron_0026.jpg
27,patron_0027,SEGO_NVR/monty_RSL/patron_0027.jpg
28,patron_0028,SEGO_NVR/monty_RSL/patron_0028.jpg
29,patron_0029,SEGO_NVR/monty_RSL/patron_0029.jpg
30,patron_0030,SEGO_NVR/monty_RSL/patron_0030.jpg
31,patron_0031,SEGO_NVR/monty_RSL/patron_0031.jpg
32,patron_0032,SEGO_NVR/monty_RSL/patron_0032.jpg
33,patron_0033,SEGO_NVR/monty_RSL/patron_0033.jpg
34,patron_0034,SEGO_NVR/monty_RSL/patron_0034.jpg
35,patron_0035,SEGO_NVR/monty_RSL/patron_0035.jpg
36,patron_0036,SEGO_NVR/monty_RSL/patron_0036.jpg
37,patron_0037,SEGO_NVR/monty_RSL/patron_0037.jpg
38,patron_0038,SEGO_NVR/monty_RSL/patron_0038.jpg
39,patron_0039,SEGO_NVR/monty_RSL/patron_0039.jpg
40,patron_0040,SEGO_NVR/monty_RSL/patron_0040.jpg
41,patron_0041,SEGO_NVR/monty_RSL/patron_0041.jpg
42,patron_0042,SEGO_NVR/monty_RSL/patron_0042.jpg
43,patron_0043,SEGO_NVR/monty_RSL/patron_0043.jpg
44,patron_0044,SEGO_NVR/monty_RSL/patron_0044.jpg
45,patron_0045,SEGO_NVR/monty_RSL/patron_0045.jpg
46,patron_0046,SEGO_NVR/monty_RSL/patron_0046.jpg
47,patron_0047,SEGO_NVR/monty_RSL/patron_0047.jpg
48,patron_0048,SEGO_NVR/monty_RSL/patron_0048.jpg
49,patron_0049,SEGO_NVR/monty_RSL/patron_0049.jpg
50,patron_0050,SEGO_NVR/monty_RSL/patron_0050.jpg
51,patron_0051,SEGO_NVR/monty_RSL/patron_0051.jpg
52,patron_0052,SEGO_NVR/monty_RSL/patron_0052.jpg
53,patron_0053,SEGO_NVR/monty_RSL/patron_0053.jpg
54,patron_0054,SEGO_NVR/monty_RSL/patron_0054.jpg
55,patron_0055,SEGO_NVR/monty_RSL/patron_0055.jpg
56,patron_0056,SEGO_NVR/monty_RSL/patron_0056.jpg
57,patron_0057,SEGO_NVR/monty_RSL/patron_0057.jpg
58,patron_0058,SEGO_NVR/monty_RSL/patron_0058.jpg
59,patron_0059,SEGO_NVR/monty_RSL/patron_0059.jpg
60,patron_0060,SEGO_NVR/monty_RSL/patron_0060.jpg
61,patron_0061,SEGO_NVR/monty_RSL/patron_0061.jpg
62,patron_0062,SEGO_NVR/monty_RSL/patron_0062.jpg
63,patron_0063,SEGO_NVR/monty_RSL/patron_0063.jpg
64,patron_0064,SEGO_NVR/monty_RSL/patron_0064.jpg
65,patron_0065,SEGO_NVR/monty_RSL/patron_0065.jpg
66,patron_0066,SEGO_NVR/monty_RSL/patron_0066.jpg
67,patron_0067,SEGO_NVR/monty_RSL/patron_0067.jpg
68,patron_0068,SEGO_NVR/monty_RSL/patron_0068.jpg
69,patron_0069,SEGO_NVR/monty_RSL/patron_0069.jpg
70,patron_0070,SEGO_NVR/monty_RSL/patron_0070.jpg
71,patron_0071,SEGO_NVR/monty_RSL/patron_0071.jpg
72,patron_0072,SEGO_NVR/monty_RSL/patron_0072.jpg
73,patron_0073,SEGO_NVR/monty_RSL/patron_0073.jpg
74,patron_0074,SEGO_NVR/monty_RSL/patron_0074.jpg
75,patron_0075,SEGO_NVR/monty_RSL/patron_0075.jpg
76,patron_0076,SEGO_NVR/monty_RSL/patron_0076.jpg
77,patron_0077,SEGO_NVR/monty_RSL/patron_0077.jpg
78,patron_0078,SEGO_NVR/monty_RSL/patron_0078.jpg
79,patron_0079,SEGO_NVR/monty_RSL/patron_0079.jpg
80,patron_0080,SEGO_NVR/monty_RSL/patron_0080.jpg
81,patron_0081,SEGO_NVR/monty_RSL/patron_0081.jpg
82,patron_0082,SEGO_NVR/monty_RSL/patron_0082.jpg
83,patron_0083,SEGO_NVR/monty_RSL/patron_0083.jpg
84,patron_0084,SEGO_NVR/monty_RSL/patron_0084.jpg
85,patron_0085,SEGO_NVR/monty_RSL/patron_0085.jpg
86,patron_0086,SEGO_NVR/monty_RSL/patron_0086.jpg
87,patron_0087,SEGO_NVR/monty_RSL/patron_0087.jpg
88,patron_0088,SEGO_NVR/monty_RSL/patron_0088.jpg
89,patron_0089,SEGO_NVR/monty_RSL/patron_0089.jpg
90,patron_0090,SEGO_NVR/monty_RSL/patron_0090.jpg
91,patron_0091,SEGO_NVR/monty_RSL/patron_0091.jpg
92,patron_0092,SEGO_NVR/monty_RSL/patron_0092.jpg
93,patron_0093,SEGO_NVR/monty_RSL/patron_0093.jpg
94,patron_0094,SEGO_NVR/monty_RSL/patron_0094.jpg
95,patron_0095,SEGO_NVR/monty_RSL/patron_0095.jpg
96,patron_0096,SEGO_NVR/monty_RSL/patron_0096.jpg
97,patron_0097,SEGO_NVR/monty_RSL/patron_0097.jpg
98,patron_0098,SEGO_NVR/monty_RSL/patron_0098.jpg
99,patron_0099,SEGO_NVR/monty_RSL/patron_0099.jpg
100,patron_0100,SEGO_NVR/monty_RSL/patron_0100.jpg
101,patron_0101,SEGO_NVR/monty_RSL/patron_0101.jpg
102,patron_0102,SEGO_NVR/monty_RSL/patron_0102.jpg
103,patron_0103,SEGO_NVR/monty_RSL/patron_0103.jpg
104,patron_0104,SEGO_NVR/monty_RSL/patron_0104.jpg
105,patron_0105,SEGO_NVR/monty_RSL/patron_0105.jpg
106,patron_0106,SEGO_NVR/monty_RSL/patron_0106.jpg
107,patron_0107,SEGO_NVR/monty_RSL/patron_0107.jpg
108,patron_0108,SEGO_NVR/monty_RSL/patron_0108.jpg
109,patron_0109,SEGO_NVR/monty_RSL/patron_0109.jpg
110,patron_0110,SEGO_NVR/monty_RSL/patron_0110.jpg
111,patron_0111,SEGO_NVR/monty_RSL/patron_0111.jpg
112,patron_0112,SEGO_NVR/monty_RSL/patron_0112.jpg
113,patron_0113,SEGO_NVR/monty_RSL/patron_0113.jpg
114,patron_0114,SEGO_NVR/monty_RSL/patron_0114.jpg
115,patron_0115,SEGO_NVR/monty_RSL/patron_0115.jpg
116,patron_0116,SEGO_NVR/monty_RSL/patron_0116.jpg
117,patron_0117,SEGO_NVR/monty_RSL/patron_0117.jpg
118,patron_0118,SEGO_NVR/monty_RSL/patron_0118.jpg
119,patron_0119,SEGO_NVR/monty_RSL/patron_0119.jpg
120,patron_0120,SEGO_NVR/monty_RSL/patron_0120.jpg
121,patron_0121,SEGO_NVR/monty_RSL/patron_0121.jpg
122,patron_0122,SEGO_NVR/monty_RSL/patron_0122.jpg
123,patron_0123,SEGO_NVR/monty_RSL/patron_0123.jpg
124,patron_0124,SEGO_NVR/monty_RSL/patron_0124.jpg
125,patron_0125,SEGO_NVR/monty_RSL/patron_0125.jpg
126,patron_0126,SEGO_NVR/monty_RSL/patron_0126.jpg
127,patron_0127,SEGO_NVR/monty_RSL/patron_0127.jpg
128,patron_0128,SEGO_NVR/monty_RSL/patron_0128.jpg
129,patron_0129,SEGO_NVR/monty_RSL/patron_0129.jpg
130,patron_0130,SEGO_NVR/monty_RSL/patron_0130.jpg
131,patron_0131,SEGO_NVR/monty_RSL/patron_0131.jpg
132,patron_0132,SEGO_NVR/monty_RSL/patron_0132.jpg
133,patron_0133,SEGO_NVR/monty_RSL/patron_0133.jpg
134,patron_0134,SEGO_NVR/monty_RSL/patron_0134.jpg
135,patron_0135,SEGO_NVR/monty_RSL/patron_0135.jpg
136,patron_0136,SEGO_NVR/monty_RSL/patron_0136.jpg
137,patron_0137,SEGO_NVR/monty_RSL/patron_0137.jpg
138,patron_0138,SEGO_NVR/monty_RSL/patron_0138.jpg
139,patron_0139,SEGO_NVR/monty_RSL/patron_0139.jpg
140,patron_0140,SEGO_NVR/monty_RSL/patron_0140.jpg
141,patron_0141,SEGO_NVR/monty_RSL/patron_0141.jpg
142,patron_0142,SEGO_NVR/monty_RSL/patron_0142.jpg
143,patron_0143,SEGO_NVR/monty_RSL/patron_0143.jpg
144,patron_0144,SEGO_NVR/monty_RSL/patron_0144.jpg
145,patron_0145,SEGO_NVR/monty_RSL/patron_0145.jpg
146,patron_0146,SEGO_NVR/monty_RSL/patron_0146.jpg
147,patron_0147,SEGO_NVR/monty_RSL/patron_0147.jpg
148,patron_0148,SEGO_NVR/monty_RSL/patron_0148.jpg
149,patron_0149,SEGO_NVR/monty_RSL/patron_0149.jpg
150,patron_0150,SEGO_NVR/monty_RSL/patron_0150.jpg
151,patron_0151,SEGO_NVR/monty_RSL/patron_0151.jpg
152,patron_0152,SEGO_NVR/monty_RSL/patron_0152.jpg
153,patron_0153,SEGO_NVR/monty_RSL/patron_0153.jpg
154,patron_0154,SEGO_NVR/monty_RSL/patron_0154.jpg
155,patron_0155,SEGO_NVR/monty_RSL/patron_0155.jpg
156,patron_0156,SEGO_NVR/monty_RSL/patron_0156.jpg
157,patron_0157,SEGO_NVR/monty_RSL/patron_0157.jpg
158,patron_0158,SEGO_NVR/monty_RSL/patron_0158.jpg
159,patron_0159,SEGO_NVR/monty_RSL/patron_0159.jpg
160,patron_0160,SEGO_NVR/monty_RSL/patron_0160.jpg
161,patron_0161,SEGO_NVR/monty_RSL/patron_0161.jpg
162,patron_0162,SEGO_NVR/monty_RSL/patron_0162.jpg
163,patron_0163,SEGO_NVR/monty_RSL/patron_0163.jpg
164,patron_0164,SEGO_NVR/monty_RSL/patron_0164.jpg
165,patron_0165,SEGO_NVR/monty_RSL/patron_0165.jpg
166,patron_0166,SEGO_NVR/monty_RSL/patron_0166.jpg
167,patron_0167,SEGO_NVR/monty_RSL/patron_0167.jpg
168,patron_0168,SEGO_NVR/monty_RSL/patron_0168.jpg
169,patron_0169,SEGO_NVR/monty_RSL/patron_0169.jpg
170,patron_0170,SEGO_NVR/monty_RSL/patron_0170.jpg
171,patron_0171,SEGO_NVR/monty_RSL/patron_0171.jpg
172,patron_0172,SEGO_NVR/monty_RSL/patron_0172.jpg
173,patron_0173,SEGO_NVR/monty_RSL/patron_0173.jpg
174,patron_0174,SEGO_NVR/monty_RSL/patron_0174.jpg
175,patron_0175,SEGO_NVR/monty_RSL/patron_0175.jpg
176,patron_0176,SEGO_NVR/monty_RSL/patron_0176.jpg
177,patron_0177,SEGO_NVR/monty_RSL/patron_0177.jpg
178,patron_0178,SEGO_NVR/monty_RSL/patron_0178.jpg
179,patron_0179,SEGO_NVR/monty_RSL/patron_0179.jpg
180,patron_0180,SEGO_NVR/monty_RSL/patron_0180.jpg
181,patron_0181,SEGO_NVR/monty_RSL/patron_0181.jpg
182,patron_0182,SEGO_NVR/monty_RSL/patron_0182.jpg
183,patron_0183,SEGO_NVR/monty_RSL/patron_0183.jpg
184,patron_0184,SEGO_NVR/monty_RSL/patron_0184.jpg
185,patron_0185,SEGO_NVR/monty_RSL/patron_0185.jpg
186,patron_0186,SEGO_NVR/monty_RSL/patron_0186.jpg
187,patron_0187,SEGO_NVR/monty_RSL/patron_0187.jpg
188,patron_0188,SEGO_NVR/monty_RSL/patron_0188.jpg
189,patron_0189,SEGO_NVR/monty_RSL/patron_0189.jpg
190,patron_0190,SEGO_NVR/monty_RSL/patron_0190.jpg
191,patron_0191,SEGO_NVR/monty_RSL/patron_0191.jpg
192,patron_0192,SEGO_NVR/monty_RSL/patron_0192.jpg
193,patron_0193,SEGO_NVR/monty_RSL/patron_0193.jpg
194,patron_0194,SEGO_NVR/monty_RSL/patron_0194.jpg
195,patron_0195,SEGO_NVR/monty_RSL/patron_0195.jpg
196,patron_0196,SEGO_NVR/monty_RSL/patron_0196.jpg
197,patron_0197,SEGO_NVR/monty_RSL/patron_0197.jpg
198,patron_0198,SEGO_NVR/monty_RSL/patron_0198.jpg
199,patron_0199,SEGO_NVR/monty_RSL/patron_0199.jpg
200,patron_0200,SEGO_NVR/monty_RSL/patron_0200.jpg
201,patron_0201,SEGO_NVR/monty_RSL/patron_0201.jpg
202,patron_0202,SEGO_NVR/monty_RSL/patron_0202.jpg
203,patron_0203,SEGO_NVR/monty_RSL/patron_0203.jpg
204,patron_0204,SEGO_NVR/monty_RSL/patron_0204.jpg
205,patron_0205,SEGO_NVR/monty_RSL/patron_0205.jpg
206,patron_0206,SEGO_NVR/monty_RSL/patron_0206.jpg
207,patron_0207,SEGO_NVR/monty_RSL/patron_0207.jpg
208,patron_0208,SEGO_NVR/monty_RSL/patron_0208.jpg
209,patron_0209,SEGO_NVR/monty_RSL/patron_0209.jpg
210,patron_0210,SEGO_NVR/monty_RSL/patron_0210.jpg
211,patron_0211,SEGO_NVR/monty_RSL/patron_0211.jpg
212,patron_0212,SEGO_NVR/monty_RSL/patron_0212.jpg
213,patron_0213,SEGO_NVR/monty_RSL/patron_0213.jpg
214,patron_0214,SEGO_NVR/monty_RSL/patron_0214.jpg
215,patron_0215,SEGO_NVR/monty_RSL/patron_0215.jpg
216,patron_0216,SEGO_NVR/monty_RSL/patron_0216.jpg
217,patron_0217,SEGO_NVR/monty_RSL/patron_0217.jpg
218,patron_0218,SEGO_NVR/monty_RSL/patron_0218.jpg
219,patron_0219,SEGO_NVR/monty_RSL/patron_0219.jpg
220,patron_0220,SEGO_NVR/monty_RSL/patron_0220.jpg
221,patron_0221,SEGO_NVR/monty_RSL/patron_0221.jpg
222,patron_0222,SEGO_NVR/monty_RSL/patron_0222.jpg
223,patron_0223,SEGO_NVR/monty_RSL/patron_0223.jpg
224,patron_0224,SEGO_NVR/monty_RSL/patron_0224.jpg
225,patron_0225,SEGO_NVR/monty_RSL/patron_0225.jpg
226,patron_0226,SEGO_NVR/monty_RSL/patron_0226.jpg
227,patron_0227,SEGO_NVR/monty_RSL/patron_0227.jpg
228,patron_0228,SEGO_NVR/monty_RSL/patron_0228.jpg
229,patron_0229,SEGO_NVR/monty_RSL/patron_0229.jpg
230,patron_0230,SEGO_NVR/monty_RSL/patron_0230.jpg
231,patron_0231,SEGO_NVR/monty_RSL/patron_0231.jpg
232,patron_0232,SEGO_NVR/monty_RSL/patron_0232.jpg
233,patron_0233,SEGO_NVR/monty_RSL/patron_0233.jpg
234,patron_0234,SEGO_NVR/monty_RSL/patron_0234.jpg
235,patron_0235,SEGO_NVR/monty_RSL/patron_0235.jpg
236,patron_0236,SEGO_NVR/monty_RSL/patron_0236.jpg
237,patron_0237,SEGO_NVR/monty_RSL/patron_0237.jpg
238,patron_0238,SEGO_NVR/monty_RSL/patron_0238.jpg
239,patron_0239,SEGO_NVR/monty_RSL/patron_0239.jpg
240,patron_0240,SEGO_NVR/monty_RSL/patron_0240.jpg
241,patron_0241,SEGO_NVR/monty_RSL/patron_0241.jpg
242,patron_0242,SEGO_NVR/monty_RSL/patron_0242.jpg
243,patron_0243,SEGO_NVR/monty_RSL/patron_0243.jpg
244,patron_0244,SEGO_NVR/monty_RSL/patron_0244.jpg
245,patron_0245,SEGO_NVR/monty_RSL/patron_0245.jpg
246,patron_0246,SEGO_NVR/monty_RSL/patron_0246.jpg
247,patron_0247,SEGO_NVR/monty_RSL/patron_0247.jpg
248,patron_0248,SEGO_NVR/monty_RSL/patron_0248.jpg
249,patron_0249,SEGO_NVR/monty_RSL/patron_0249.jpg
250,patron_0250,SEGO_NVR/monty_RSL/patron_0250.jpg
251,patron_0251,SEGO_NVR/monty_RSL/patron_0251.jpg
252,patron_0252,SEGO_NVR/monty_RSL/patron_0252.jpg
253,patron_0253,SEGO_NVR/monty_RSL/patron_0253.jpg
254,patron_0254,SEGO_NVR/monty_RSL/patron_0254.jpg
255,patron_0255,SEGO_NVR/monty_RSL/patron_0255.jpg
256,patron_0256,SEGO_NVR/monty_RSL/patron_0256.jpg
257,patron_0257,SEGO_NVR/monty_RSL/patron_0257.jpg
258,patron_0258,SEGO_NVR/monty_RSL/patron_0258.jpg
259,patron_0259,SEGO_NVR/monty_RSL/patron_0259.jpg
260,patron_0260,SEGO_NVR/monty_RSL/patron_0260.jpg
261,patron_0261,SEGO_NVR/monty_RSL/patron_0261.jpg
262,patron_0262,SEGO_NVR/monty_RSL/patron_0262.jpg
263,patron_0263,SEGO_NVR/monty_RSL/patron_0263.jpg
264,patron_0264,SEGO_NVR/monty_RSL/patron_0264.jpg
265,patron_0265,SEGO_NVR/monty_RSL/patron_0265.jpg
266,patron_0266,SEGO_NVR/monty_RSL/patron_0266.jpg
267,patron_0267,SEGO_NVR/monty_RSL/patron_0267.jpg
268,patron_0268,SEGO_NVR/monty_RSL/patron_0268.jpg
269,patron_0269,SEGO_NVR/monty_RSL/patron_0269.jpg
270,patron_0270,SEGO_NVR/monty_RSL/patron_0270.jpg
271,patron_0271,SEGO_NVR/monty_RSL/patron_0271.jpg
272,patron_0272,SEGO_NVR/monty_RSL/patron_0272.jpg
273,patron_0273,SEGO_NVR/monty_RSL/patron_0273.jpg
274,patron_0274,SEGO_NVR/monty_RSL/patron_0274.jpg
275,patron_0275,SEGO_NVR/monty_RSL/patron_0275.jpg
276,patron_0276,SEGO_NVR/monty_RSL/patron_0276.jpg
277,patron_0277,SEGO_NVR/monty_RSL/patron_0277.jpg
278,patron_0278,SEGO_NVR/monty_RSL/patron_0278.jpg
279,patron_0279,SEGO_NVR/monty_RSL/patron_0279.jpg
280,patron_0280,SEGO_NVR/monty_RSL/patron_0280.jpg
281,patron_0281,SEGO_NVR/monty_RSL/patron_0281.jpg
282,patron_0282,SEGO_NVR/monty_RSL/patron_0282.jpg
283,patron_0283,SEGO_NVR/monty_RSL/patron_0283.jpg
284,patron_0284,SEGO_NVR/monty_RSL/patron_0284.jpg
285,patron_0285,SEGO_NVR/monty_RSL/patron_0285.jpg
286,patron_0286,SEGO_NVR/monty_RSL/patron_0286.jpg
287,patron_0287,SEGO_NVR/monty_RSL/patron_0287.jpg
288,patron_0288,SEGO_NVR/monty_RSL/patron_0288.jpg
289,patron_0289,SEGO_NVR/monty_RSL/patron_0289.jpg
290,patron_0290,SEGO_NVR/monty_RSL/patron_0290.jpg
291,patron_0291,SEGO_NVR/monty_RSL/patron_0291.jpg
292,patron_0292,SEGO_NVR/monty_RSL/patron_0292.jpg
293,patron_0293,SEGO_NVR/monty_RSL/patron_0293.jpg
294,patron_0294,SEGO_NVR/monty_RSL/patron_0294.jpg
295,patron_0295,SEGO_NVR/monty_RSL/patron_0295.jpg
296,patron_0296,SEGO_NVR/monty_RSL/patron_0296.jpg
297,patron_0297,SEGO_NVR/monty_RSL/patron_0297.jpg
298,patron_0298,SEGO_NVR/monty_RSL/patron_0298.jpg
299,patron_0299,SEGO_NVR/monty_RSL/patron_0299.jpg
300,patron_0300,SEGO_NVR/monty_RSL/patron_0300.jpg
301,patron_0301,SEGO_NVR/monty_RSL/patron_0301.jpg
302,patron_0302,SEGO_NVR/monty_RSL/patron_0302.jpg
303,patron_0303,SEGO_NVR/monty_RSL/patron_0303.jpg
304,patron_0304,SEGO_NVR/monty_RSL/patron_0304.jpg
305,patron_0305,SEGO_NVR/monty_RSL/patron_0305.jpg
306,patron_0306,SEGO_NVR/monty_RSL/patron_0306.jpg
307,patron_0307,SEGO_NVR/monty_RSL/patron_0307.jpg
308,patron_0308,SEGO_NVR/monty_RSL/patron_0308.jpg
309,patron_0309,SEGO_NVR/monty_RSL/patron_0309.jpg
310,patron_0310,SEGO_NVR/monty_RSL/patron_0310.jpg
311,patron_0311,SEGO_NVR/monty_RSL/patron_0311.jpg
312,patron_0312,SEGO_NVR/monty_RSL/patron_0312.jpg
313,patron_0313,SEGO_NVR/monty_RSL/patron_0313.jpg
314,patron_0314,SEGO_NVR/monty_RSL/patron_0314.jpg
315,patron_0315,SEGO_NVR/monty_RSL/patron_0315.jpg
316,patron_0316,SEGO_NVR/monty_RSL/patron_0316.jpg
317,patron_0317,SEGO_NVR/monty_RSL/patron_0317.jpg
318,patron_0318,SEGO_NVR/monty_RSL/patron_0318.jpg
319,patron_0319,SEGO_NVR/monty_RSL/patron_0319.jpg
320,patron_0320,SEGO_NVR/monty_RSL/patron_0320.jpg
321,patron_0321,SEGO_NVR/monty_RSL/patron_0321.jpg
322,patron_0322,SEGO_NVR/monty_RSL/patron_0322.jpg
323,patron_0323,SEGO_NVR/monty_RSL/patron_0323.jpg
324,patron_0324,SEGO_NVR/monty_RSL/patron_0324.jpg
325,patron_0325,SEGO_NVR/monty_RSL/patron_0325.jpg
326,patron_0326,SEGO_NVR/monty_RSL/patron_0326.jpg
327,patron_0327,SEGO_NVR/monty_RSL/patron_0327.jpg
328,patron_0328,SEGO_NVR/monty_RSL/patron_0328.jpg
329,patron_0329,SEGO_NVR/monty_RSL/patron_0329.jpg
330,patron_0330,SEGO_NVR/monty_RSL/patron_0330.jpg
331,patron_0331,SEGO_NVR/monty_RSL/patron_0331.jpg
332,patron_0332,SEGO_NVR/monty_RSL/patron_0332.jpg
333,patron_0333,SEGO_NVR/monty_RSL/patron_0333.jpg
334,patron_0334,SEGO_NVR/monty_RSL/patron_0334.jpg
335,patron_0335,SEGO_NVR/monty_RSL/patron_0335.jpg
336,patron_0336,SEGO_NVR/monty_RSL/patron_0336.jpg
337,patron_0337,SEGO_NVR/monty_RSL/patron_0337.jpg
338,patron_0338,SEGO_NVR/monty_RSL/patron_0338.jpg
339,patron_0339,SEGO_NVR/monty_RSL/patron_0339.jpg
340,patron_0340,SEGO_NVR/monty_RSL/patron_0340.jpg
341,patron_0341,SEGO_NVR/monty_RSL/patron_0341.jpg
342,patron_0342,SEGO_NVR/monty_RSL/patron_0342.jpg
343,patron_0343,SEGO_NVR/monty_RSL/patron_0343.jpg
344,patron_0344,SEGO_NVR/monty_RSL/patron_0344.jpg
345,patron_0345,SEGO_NVR/monty_RSL/patron_0345.jpg
346,patron_0346,SEGO_NVR/monty_RSL/patron_0346.jpg
347,patron_0347,SEGO_NVR/monty_RSL/patron_0347.jpg
348,patron_0348,SEGO_NVR/monty_RSL/patron_0348.jpg
349,patron_0349,SEGO_NVR/monty_RSL/patron_0349.jpg
350,patron_0350,SEGO_NVR/monty_RSL/patron_0350.jpg
351,patron_0351,SEGO_NVR/monty_RSL/patron_0351.jpg
352,patron_0352,SEGO_NVR/monty_RSL/patron_0352.jpg
353,patron_0353,SEGO_NVR/monty_RSL/patron_0353.jpg
354,patron_0354,SEGO_NVR/monty_RSL/patron_0354.jpg
355,patron_0355,SEGO_NVR/monty_RSL/patron_0355.jpg
356,patron_0356,SEGO_NVR/monty_RSL/patron_0356.jpg
357,patron_0357,SEGO_NVR/monty_RSL/patron_0357.jpg
358,patron_0358,SEGO_NVR/monty_RSL/patron_0358.jpg
359,patron_0359,SEGO_NVR/monty_RSL/patron_0359.jpg
360,patron_0360,SEGO_NVR/monty_RSL/patron_0360.jpg
361,patron_0361,SEGO_NVR/monty_RSL/patron_0361.jpg
362,patron_0362,SEGO_NVR/monty_RSL/patron_0362.jpg
363,patron_0363,SEGO_NVR/monty_RSL/patron_0363.jpg
364,patron_0364,SEGO_NVR/monty_RSL/patron_0364.jpg
365,patron_0365,SEGO_NVR/monty_RSL/patron_0365.jpg
366,patron_0366,SEGO_NVR/monty_RSL/patron_0366.jpg
367,patron_0367,SEGO_NVR/monty_RSL/patron_0367.jpg
368,patron_0368,SEGO_NVR/monty_RSL/patron_0368.jpg
369,patron_0369,SEGO_NVR/monty_RSL/patron_0369.jpg
370,patron_0370,SEGO_NVR/monty_RSL/patron_0370.jpg
371,patron_0371,SEGO_NVR/monty_RSL/patron_0371.jpg
372,patron_0372,SEGO_NVR/monty_RSL/patron_0372.jpg
373,patron_0373,SEGO_NVR/monty_RSL/patron_0373.jpg
374,patron_0374,SEGO_NVR/monty_RSL/patron_0374.jpg
375,patron_0375,SEGO_NVR/monty_RSL/patron_0375.jpg
376,patron_0376,SEGO_NVR/monty_RSL/patron_0376.jpg
377,patron_0377,SEGO_NVR/monty_RSL/patron_0377.jpg
378,patron_0378,SEGO_NVR/monty_RSL/patron_0378.jpg
379,patron_0379,SEGO_NVR/monty_RSL/patron_0379.jpg
380,patron_0380,SEGO_NVR/monty_RSL/patron_0380.jpg
381,patron_0381,SEGO_NVR/monty_RSL/patron_0381.jpg
382,patron_0382,SEGO_NVR/monty_RSL/patron_0382.jpg
383,patron_0383,SEGO_NVR/monty_RSL/patron_0383.jpg
384,patron_0384,SEGO_NVR/monty_RSL/patron_0384.jpg
385,patron_0385,SEGO_NVR/monty_RSL/patron_0385.jpg
386,patron_0386,SEGO_NVR/monty_RSL/patron_0386.jpg
387,patron_0387,SEGO_NVR/monty_RSL/patron_0387.jpg
388,patron_0388,SEGO_NVR/monty_RSL/patron_0388.jpg
389,patron_0389,SEGO_NVR/monty_RSL/patron_0389.jpg
390,patron_0390,SEGO_NVR/monty_RSL/patron_0390.jpg
391,patron_0391,SEGO_NVR/monty_RSL/patron_0391.jpg
392,patron_0392,SEGO_NVR/monty_RSL/patron_0392.jpg
393,patron_0393,SEGO_NVR/monty_RSL/patron_0393.jpg
394,patron_0394,SEGO_NVR/monty_RSL/patron_0394.jpg
395,patron_0395,SEGO_NVR/monty_RSL/patron_0395.jpg
396,patron_0396,SEGO_NVR/monty_RSL/patron_0396.jpg
397,patron_0397,SEGO_NVR/monty_RSL/patron_0397.jpg
398,patron_0398,SEGO_NVR/monty_RSL/patron_0398.jpg
399,patron_0399,SEGO_NVR/monty_RSL/patron_0399.jpg
400,patron_0400,SEGO_NVR/monty_RSL/patron_0400.jpg
401,patron_0401,SEGO_NVR/monty_RSL/patron_0401.jpg
402,patron_0402,SEGO_NVR/monty_RSL/patron_0402.jpg
403,patron_0403,SEGO_NVR/monty_RSL/patron_0403.jpg
404,patron_0404,SEGO_NVR/monty_RSL/patron_0404.jpg
405,patron_0405,SEGO_NVR/monty_RSL/patron_0405.jpg
406,patron_0406,SEGO_NVR/monty_RSL/patron_0406.jpg
407,patron_0407,SEGO_NVR/monty_RSL/patron_0407.jpg
408,patron_0408,SEGO_NVR/monty_RSL/patron_0408.jpg
409,patron_0409,SEGO_NVR/monty_RSL/patron_0409.jpg
410,patron_0410,SEGO_NVR/monty_RSL/patron_0410.jpg
411,patron_0411,SEGO_NVR/monty_RSL/patron_0411.jpg
412,patron_0412,SEGO_NVR/monty_RSL/patron_0412.jpg
413,patron_0413,SEGO_NVR/monty_RSL/patron_0413.jpg
414,patron_0414,SEGO_NVR/monty_RSL/patron_0414.jpg
415,patron_0415,SEGO_NVR/monty_RSL/patron_0415.jpg
416,patron_0416,SEGO_NVR/monty_RSL/patron_0416.jpg
417,patron_0417,SEGO_NVR/monty_RSL/patron_0417.jpg
418,patron_0418,SEGO_NVR/monty_RSL/patron_0418.jpg
419,patron_0419,SEGO_NVR/monty_RSL/patron_0419.jpg
420,patron_0420,SEGO_NVR/monty_RSL/patron_0420.jpg
421,patron_0421,SEGO_NVR/monty_RSL/patron_0421.jpg
422,patron_0422,SEGO_NVR/monty_RSL/patron_0422.jpg
423,patron_0423,SEGO_NVR/monty_RSL/patron_0423.jpg
424,patron_0424,SEGO_NVR/monty_RSL/patron_0424.jpg
425,patron_0425,SEGO_NVR/monty_RSL/patron_0425.jpg
426,patron_0426,SEGO_NVR/monty_RSL/patron_0426.jpg
427,patron_0427,SEGO_NVR/monty_RSL/patron_0427.jpg
428,patron_0428,SEGO_NVR/monty_RSL/patron_0428.jpg
429,patron_0429,SEGO_NVR/monty_RSL/patron_0429.jpg
430,patron_0430,SEGO_NVR/monty_RSL/patron_0430.jpg
431,patron_0431,SEGO_NVR/monty_RSL/patron_0431.jpg
432,patron_0432,SEGO_NVR/monty_RSL/patron_0432.jpg
433,patron_0433,SEGO_NVR/monty_RSL/patron_0433.jpg
434,patron_0434,SEGO_NVR/monty_RSL/patron_0434.jpg
435,patron_0435,SEGO_NVR/monty_RSL/patron_0435.jpg
436,patron_0436,SEGO_NVR/monty_RSL/patron_0436.jpg
437,patron_0437,SEGO_NVR/monty_RSL/patron_0437.jpg
438,patron_0438,SEGO_NVR/monty_RSL/patron_0438.jpg
439,patron_0439,SEGO_NVR/monty_RSL/patron_0439.jpg
440,patron_0440,SEGO_NVR/monty_RSL/patron_0440.jpg
441,patron_0441,SEGO_NVR/monty_RSL/patron_0441.jpg
442,patron_0442,SEGO_NVR/monty_RSL/patron_0442.jpg
443,patron_0443,SEGO_NVR/monty_RSL/patron_0443.jpg
444,patron_0444,SEGO_NVR/monty_RSL/patron_0444.jpg
445,patron_0445,SEGO_NVR/monty_RSL/patron_0445.jpg
446,patron_0446,SEGO_NVR/monty_RSL/patron_0446.jpg
447,patron_0447,SEGO_NVR/monty_RSL/patron_0447.jpg
448,patron_0448,SEGO_NVR/monty_RSL/patron_0448.jpg
449,patron_0449,SEGO_NVR/monty_RSL/patron_0449.jpg
450,patron_0450,SEGO_NVR/monty_RSL/patron_0450.jpg
451,patron_0451,SEGO_NVR/monty_RSL/patron_0451.jpg
452,patron_0452,SEGO_NVR/monty_RSL/patron_0452.jpg
453,patron_0453,SEGO_NVR/monty_RSL/patron_0453.jpg
454,patron_0454,SEGO_NVR/monty_RSL/patron_0454.jpg
455,patron_0455,SEGO_NVR/monty_RSL/patron_0455.jpg
456,patron_0456,SEGO_NVR/monty_RSL/patron_0456.jpg
457,patron_0457,SEGO_NVR/monty_RSL/patron_0457.jpg
458,patron_0458,SEGO_NVR/monty_RSL/patron_0458.jpg
459,patron_0459,SEGO_NVR/monty_RSL/patron_0459.jpg
460,patron_0460,SEGO_NVR/monty_RSL/patron_0460.jpg
461,patron_0461,SEGO_NVR/monty_RSL/patron_0461.jpg
462,patron_0462,SEGO_NVR/monty_RSL/patron_0462.jpg
463,patron_0463,SEGO_NVR/monty_RSL/patron_0463.jpg
464,patron_0464,SEGO_NVR/monty_RSL/patron_0464.jpg
465,patron_0465,SEGO_NVR/monty_RSL/patron_0465.jpg
466,patron_0466,SEGO_NVR/monty_RSL/patron_0466.jpg
467,patron_0467,SEGO_NVR/monty_RSL/patron_0467.jpg
468,patron_0468,SEGO_NVR/monty_RSL/patron_0468.jpg
469,patron_0469,SEGO_NVR/monty_RSL/patron_0469.jpg
470,patron_0470,SEGO_NVR/monty_RSL/patron_0470.jpg
471,patron_0471,SEGO_NVR/monty_RSL/patron_0471.jpg
472,patron_0472,SEGO_NVR/monty_RSL/patron_0472.jpg
473,patron_0473,SEGO_NVR/monty_RSL/patron_0473.jpg
474,patron_0474,SEGO_NVR/monty_RSL/patron_0474.jpg
475,patron_0475,SEGO_NVR/monty_RSL/patron_0475.jpg
476,patron_0476,SEGO_NVR/monty_RSL/patron_0476.jpg
477,patron_0477,SEGO_NVR/monty_RSL/patron_0477.jpg
478,patron_0478,SEGO_NVR/monty_RSL/patron_0478.jpg
479,patron_0479,SEGO_NVR/monty_RSL/patron_0479.jpg
480,patron_0480,SEGO_NVR/monty_RSL/patron_0480.jpg
481,patron_0481,SEGO_NVR/monty_RSL/patron_0481.jpg
482,patron_0482,SEGO_NVR/monty_RSL/patron_0482.jpg
483,patron_0483,SEGO_NVR/monty_RSL/patron_0483.jpg
484,patron_0484,SEGO_NVR/monty_RSL/patron_0484.jpg
485,patron_0485,SEGO_NVR/monty_RSL/patron_0485.jpg
486,patron_0486,SEGO_NVR/monty_RSL/patron_0486.jpg
487,patron_0487,SEGO_NVR/monty_RSL/patron_0487.jpg
488,patron_0488,SEGO_NVR/monty_RSL/patron_0488.jpg
489,patron_0489,SEGO_NVR/monty_RSL/patron_0489.jpg
490,patron_0490,SEGO_NVR/monty_RSL/patron_0490.jpg
491,patron_0491,SEGO_NVR/monty_RSL/patron_0491.jpg
492,patron_0492,SEGO_NVR/monty_RSL/patron_0492.jpg
493,patron_0493,SEGO_NVR/monty_RSL/patron_0493.jpg
494,patron_0494,SEGO_NVR/monty_RSL/patron_0494.jpg
495,patron_0495,SEGO_NVR/monty_RSL/patron_0495.jpg
496,patron_0496,SEGO_NVR/monty_RSL/patron_0496.jpg
497,patron_0497,SEGO_NVR/monty_RSL/patron_0497.jpg
498,patron_0498,SEGO_NVR/monty_RSL/patron_0498.jpg
499,patron_0499,SEGO_NVR/monty_RSL/patron_0499.jpg
500,patron_0500,SEGO_NVR/monty_RSL/patron_0500.jpg
501,patron_0501,SEGO_NVR/monty_RSL/patron_0501.jpg
502,patron_0502,SEGO_NVR/monty_RSL/patron_0502.jpg
503,patron_0503,SEGO_NVR/monty_RSL/patron_0503.jpg
504,patron_0504,SEGO_NVR/monty_RSL/patron_0504.jpg
505,patron_0505,SEGO_NVR/monty_RSL/patron_0505.jpg
506,patron_0506,SEGO_NVR/monty_RSL/patron_0506.jpg
507,patron_0507,SEGO_NVR/monty_RSL/patron_0507.jpg
508,patron_0508,SEGO_NVR/monty_RSL/patron_0508.jpg
509,patron_0509,SEGO_NVR/monty_RSL/patron_0509.jpg
510,patron_0510,SEGO_NVR/monty_RSL/patron_0510.jpg
511,patron_0511,SEGO_NVR/monty_RSL/patron_0511.jpg
512,patron_0512,SEGO_NVR/monty_RSL/patron_0512.jpg
513,patron_0513,SEGO_NVR/monty_RSL/patron_0513.jpg
514,patron_0514,SEGO_NVR/monty_RSL/patron_0514.jpg
515,patron_0515,SEGO_NVR/monty_RSL/patron_0515.jpg
516,patron_0516,SEGO_NVR/monty_RSL/patron_0516.jpg
517,patron_0517,SEGO_NVR/monty_RSL/patron_0517.jpg
518,patron_0518,SEGO_NVR/monty_RSL/patron_0518.jpg
519,patron_0519,SEGO_NVR/monty_RSL/patron_0519.jpg
520,patron_0520,SEGO_NVR/monty_RSL/patron_0520.jpg
521,patron_0521,SEGO_NVR/monty_RSL/patron_0521.jpg
522,patron_0522,SEGO_NVR/monty_RSL/patron_0522.jpg
523,patron_0523,SEGO_NVR/monty_RSL/patron_0523.jpg
524,patron_0524,SEGO_NVR/monty_RSL/patron_0524.jpg
525,patron_0525,SEGO_NVR/monty_RSL/patron_0525.jpg
526,patron_0526,SEGO_NVR/monty_RSL/patron_0526.jpg
527,patron_0527,SEGO_NVR/monty_RSL/patron_0527.jpg
528,patron_0528,SEGO_NVR/monty_RSL/patron_0528.jpg
529,patron_0529,SEGO_NVR/monty_RSL/patron_0529.jpg
530,patron_0530,SEGO_NVR/monty_RSL/patron_0530.jpg
531,patron_0531,SEGO_NVR/monty_RSL/patron_0531.jpg
532,patron_0532,SEGO_NVR/monty_RSL/patron_0532.jpg
533,patron_0533,SEGO_NVR/monty_RSL/patron_0533.jpg
534,patron_0534,SEGO_NVR/monty_RSL/patron_0534.jpg
535,patron_0535,SEGO_NVR/monty_RSL/patron_0535.jpg
536,patron_0536,SEGO_NVR/monty_RSL/patron_0536.jpg
537,patron_0537,SEGO_NVR/monty_RSL/patron_0537.jpg
538,patron_0538,SEGO_NVR/monty_RSL/patron_0538.jpg
539,patron_0539,SEGO_NVR/monty_RSL/patron_0539.jpg
540,patron_0540,SEGO_NVR/monty_RSL/patron_0540.jpg
541,patron_0541,SEGO_NVR/monty_RSL/patron_0541.jpg
542,patron_0542,SEGO_NVR/monty_RSL/patron_0542.jpg
543,patron_0543,SEGO_NVR/monty_RSL/patron_0543.jpg
544,patron_0544,SEGO_NVR/monty_RSL/patron_0544.jpg
545,patron_0545,SEGO_NVR/monty_RSL/patron_0545.jpg
546,patron_0546,SEGO_NVR/monty_RSL/patron_0546.jpg
547,patron_0547,SEGO_NVR/monty_RSL/patron_0547.jpg
548,patron_0548,SEGO_NVR/monty_RSL/patron_0548.jpg
549,patron_0549,SEGO_NVR/monty_RSL/patron_0549.jpg
550,patron_0550,SEGO_NVR/monty_RSL/patron_0550.jpg
551,patron_0551,SEGO_NVR/monty_RSL/patron_0551.jpg
552,patron_0552,SEGO_NVR/monty_RSL/patron_0552.jpg
553,patron_0553,SEGO_NVR/monty_RSL/patron_0553.jpg
554,patron_0554,SEGO_NVR/monty_RSL/patron_0554.jpg
555,patron_0555,SEGO_NVR/monty_RSL/patron_0555.jpg
556,patron_0556,SEGO_NVR/monty_RSL/patron_0556.jpg
557,patron_0557,SEGO_NVR/monty_RSL/patron_0557.jpg
558,patron_0558,SEGO_NVR/monty_RSL/patron_0558.jpg
559,patron_0559,SEGO_NVR/monty_RSL/patron_0559.jpg
560,patron_0560,SEGO_NVR/monty_RSL/patron_0560.jpg
561,patron_0561,SEGO_NVR/monty_RSL/patron_0561.jpg
562,patron_0562,SEGO_NVR/monty_RSL/patron_0562.jpg
563,patron_0563,SEGO_NVR/monty_RSL/patron_0563.jpg
564,patron_0564,SEGO_NVR/monty_RSL/patron_0564.jpg
565,patron_0565,SEGO_NVR/monty_RSL/patron_0565.jpg
566,patron_0566,SEGO_NVR/monty_RSL/patron_0566.jpg
567,patron_0567,SEGO_NVR/monty_RSL/patron_0567.jpg
568,patron_0568,SEGO_NVR/monty_RSL/patron_0568.jpg
569,patron_0569,SEGO_NVR/monty_RSL/patron_0569.jpg
570,patron_0570,SEGO_NVR/monty_RSL/patron_0570.jpg
571,patron_0571,SEGO_NVR/monty_RSL/patron_0571.jpg
572,patron_0572,SEGO_NVR/monty_RSL/patron_0572.jpg
573,patron_0573,SEGO_NVR/monty_RSL/patron_0573.jpg
574,patron_0574,SEGO_NVR/monty_RSL/patron_0574.jpg
575,patron_0575,SEGO_NVR/monty_RSL/patron_0575.jpg
576,patron_0576,SEGO_NVR/monty_RSL/patron_0576.jpg
577,patron_0577,SEGO_NVR/monty_RSL/patron_0577.jpg
578,patron_0578,SEGO_NVR/monty_RSL/patron_0578.jpg
579,patron_0579,SEGO_NVR/monty_RSL/patron_0579.jpg
580,patron_0580,SEGO_NVR/monty_RSL/patron_0580.jpg
581,patron_0581,SEGO_NVR/monty_RSL/patron_0581.jpg
582,patron_0582,SEGO_NVR/monty_RSL/patron_0582.jpg
583,patron_0583,SEGO_NVR/monty_RSL/patron_0583.jpg
584,patron_0584,SEGO_NVR/monty_RSL/patron_0584.jpg
585,patron_0585,SEGO_NVR/monty_RSL/patron_0585.jpg
586,patron_0586,SEGO_NVR/monty_RSL/patron_0586.jpg
587,patron_0587,SEGO_NVR/monty_RSL/patron_0587.jpg
588,patron_0588,SEGO_NVR/monty_RSL/patron_0588.jpg
589,patron_0589,SEGO_NVR/monty_RSL/patron_0589.jpg
590,patron_0590,SEGO_NVR/monty_RSL/patron_0590.jpg
591,patron_0591,SEGO_NVR/monty_RSL/patron_0591.jpg
592,patron_0592,SEGO_NVR/monty_RSL/patron_0592.jpg
593,patron_0593,SEGO_NVR/monty_RSL/patron_0593.jpg
594,patron_0594,SEGO_NVR/monty_RSL/patron_0594.jpg
595,patron_0595,SEGO_NVR/monty_RSL/patron_0595.jpg
596,patron_0596,SEGO_NVR/monty_RSL/patron_0596.jpg
597,patron_0597,SEGO_NVR/monty_RSL/patron_0597.jpg
598,patron_0598,SEGO_NVR/monty_RSL/patron_0598.jpg
599,patron_0599,SEGO_NVR/monty_RSL/patron_0599.jpg
600,patron_0600,SEGO_NVR/monty_RSL/patron_0600.jpg
601,patron_0601,SEGO_NVR/monty_RSL/patron_0601.jpg
602,patron_0602,SEGO_NVR/monty_RSL/patron_0602.jpg
603,patron_0603,SEGO_NVR/monty_RSL/patron_0603.jpg
604,patron_0604,SEGO_NVR/monty_RSL/patron_0604.jpg
605,patron_0605,SEGO_NVR/monty_RSL/patron_0605.jpg
606,patron_0606,SEGO_NVR/monty_RSL/patron_0606.jpg
607,patron_0607,SEGO_NVR/monty_RSL/patron_0607.jpg
608,patron_0608,SEGO_NVR/monty_RSL/patron_0608.jpg
609,patron_0609,SEGO_NVR/monty_RSL/patron_0609.jpg
610,patron_0610,SEGO_NVR/monty_RSL/patron_0610.jpg
611,patron_0611,SEGO_NVR/monty_RSL/patron_0611.jpg
612,patron_0612,SEGO_NVR/monty_RSL/patron_0612.jpg
613,patron_0613,SEGO_NVR/monty_RSL/patron_0613.jpg
614,patron_0614,SEGO_NVR/monty_RSL/patron_0614.jpg
615,patron_0615,SEGO_NVR/monty_RSL/patron_0615.jpg
616,patron_0616,SEGO_NVR/monty_RSL/patron_0616.jpg
617,patron_0617,SEGO_NVR/monty_RSL/patron_0617.jpg
618,patron_0618,SEGO_NVR/monty_RSL/patron_0618.jpg
619,patron_0619,SEGO_NVR/monty_RSL/patron_0619.jpg
620,patron_0620,SEGO_NVR/monty_RSL/patron_0620.jpg
621,patron_0621,SEGO_NVR/monty_RSL/patron_0621.jpg
622,patron_0622,SEGO_NVR/monty_RSL/patron_0622.jpg
623,patron_0623,SEGO_NVR/monty_RSL/patron_0623.jpg
624,patron_0624,SEGO_NVR/monty_RSL/patron_0624.jpg
625,patron_0625,SEGO_NVR/monty_RSL/patron_0625.jpg
626,patron_0626,SEGO_NVR/monty_RSL/patron_0626.jpg
627,patron_0627,SEGO_NVR/monty_RSL/patron_0627.jpg
628,patron_0628,SEGO_NVR/monty_RSL/patron_0628.jpg
629,patron_0629,SEGO_NVR/monty_RSL/patron_0629.jpg
630,patron_0630,SEGO_NVR/monty_RSL/patron_0630.jpg
631,patron_0631,SEGO_NVR/monty_RSL/patron_0631.jpg
632,patron_0632,SEGO_NVR/monty_RSL/patron_0632.jpg
633,patron_0633,SEGO_NVR/monty_RSL/patron_0633.jpg
634,patron_0634,SEGO_NVR/monty_RSL/patron_0634.jpg
635,patron_0635,SEGO_NVR/monty_RSL/patron_0635.jpg
636,patron_0636,SEGO_NVR/monty_RSL/patron_0636.jpg
637,patron_0637,SEGO_NVR/monty_RSL/patron_0637.jpg
638,patron_0638,SEGO_NVR/monty_RSL/patron_0638.jpg
639,patron_0639,SEGO_NVR/monty_RSL/patron_0639.jpg
640,patron_0640,SEGO_NVR/monty_RSL/patron_0640.jpg
641,patron_0641,SEGO_NVR/monty_RSL/patron_0641.jpg
642,patron_0642,SEGO_NVR/monty_RSL/patron_0642.jpg
643,patron_0643,SEGO_NVR/monty_RSL/patron_0643.jpg
644,patron_0644,SEGO_NVR/monty_RSL/patron_0644.jpg
645,patron_0645,SEGO_NVR/monty_RSL/patron_0645.jpg
646,patron_0646,SEGO_NVR/monty_RSL/patron_0646.jpg
647,patron_0647,SEGO_NVR/monty_RSL/patron_0647.jpg
648,patron_0648,SEGO_NVR/monty_RSL/patron_0648.jpg
649,patron_0649,SEGO_NVR/monty_RSL/patron_0649.jpg
650,patron_0650,SEGO_NVR/monty_RSL/patron_0650.jpg
651,patron_0651,SEGO_NVR/monty_RSL/patron_0651.jpg
652,patron_0652,SEGO_NVR/monty_RSL/patron_0652.jpg
653,patron_0653,SEGO_NVR/monty_RSL/patron_0653.jpg
654,patron_0654,SEGO_NVR/monty_RSL/patron_0654.jpg
655,patron_0655,SEGO_NVR/monty_RSL/patron_0655.jpg
656,patron_0656,SEGO_NVR/monty_RSL/patron_0656.jpg
657,patron_0657,SEGO_NVR/monty_RSL/patron_0657.jpg
658,patron_0658,SEGO_NVR/monty_RSL/patron_0658.jpg
659,patron_0659,SEGO_NVR/monty_RSL/patron_0659.jpg
660,patron_0660,SEGO_NVR/monty_RSL/patron_0660.jpg
661,patron_0661,SEGO_NVR/monty_RSL/patron_0661.jpg
662,patron_0662,SEGO_NVR/monty_RSL/patron_0662.jpg
663,patron_0663,SEGO_NVR/monty_RSL/patron_0663.jpg
664,patron_0664,SEGO_NVR/monty_RSL/patron_0664.jpg
665,patron_0665,SEGO_NVR/monty_RSL/patron_0665.jpg
666,patron_0666,SEGO_NVR/monty_RSL/patron_0666.jpg
667,patron_0667,SEGO_NVR/monty_RSL/patron_0667.jpg
668,patron_0668,SEGO_NVR/monty_RSL/patron_0668.jpg
669,patron_0669,SEGO_NVR/monty_RSL/patron_0669.jpg
670,patron_0670,SEGO_NVR/monty_RSL/patron_0670.jpg
671,patron_0671,SEGO_NVR/monty_RSL/patron_0671.jpg
672,patron_0672,SEGO_NVR/monty_RSL/patron_0672.jpg
673,patron_0673,SEGO_NVR/monty_RSL/patron_0673.jpg
674,patron_0674,SEGO_NVR/monty_RSL/patron_0674.jpg
675,patron_0675,SEGO_NVR/monty_RSL/patron_0675.jpg
676,patron_0676,SEGO_NVR/monty_RSL/patron_0676.jpg
677,patron_0677,SEGO_NVR/monty_RSL/patron_0677.jpg
678,patron_0678,SEGO_NVR/monty_RSL/patron_0678.jpg
679,patron_0679,SEGO_NVR/monty_RSL/patron_0679.jpg
680,patron_0680,SEGO_NVR/monty_RSL/patron_0680.jpg
681,patron_0681,SEGO_NVR/monty_RSL/patron_0681.jpg
682,patron_0682,SEGO_NVR/monty_RSL/patron_0682.jpg
683,patron_0683,SEGO_NVR/monty_RSL/patron_0683.jpg
684,patron_0684,SEGO_NVR/monty_RSL/patron_0684.jpg
685,patron_0685,SEGO_NVR/monty_RSL/patron_0685.jpg
686,patron_0686,SEGO_NVR/monty_RSL/patron_0686.jpg
687,patron_0687,SEGO_NVR/monty_RSL/patron_0687.jpg
688,patron_0688,SEGO_NVR/monty_RSL/patron_0688.jpg
689,patron_0689,SEGO_NVR/monty_RSL/patron_0689.jpg
690,patron_0690,SEGO_NVR/monty_RSL/patron_0690.jpg
691,patron_0691,SEGO_NVR/monty_RSL/patron_0691.jpg
692,patron_0692,SEGO_NVR/monty_RSL/patron_0692.jpg
693,patron_0693,SEGO_NVR/monty_RSL/patron_0693.jpg
694,patron_0694,SEGO_NVR/monty_RSL/patron_0694.jpg
695,patron_0695,SEGO_NVR/monty_RSL/patron_0695.jpg
696,patron_0696,SEGO_NVR/monty_RSL/patron_0696.jpg
697,patron_0697,SEGO_NVR/monty_RSL/patron_0697.jpg
698,patron_0698,SEGO_NVR/monty_RSL/patron_0698.jpg
699,patron_0699,SEGO_NVR/monty_RSL/patron_0699.jpg
700,patron_0700,SEGO_NVR/monty_RSL/patron_0700.jpg
701,patron_0701,SEGO_NVR/monty_RSL/patron_0701.jpg
702,patron_0702,SEGO_NVR/monty_RSL/patron_0702.jpg
703,patron_0703,SEGO_NVR/monty_RSL/patron_0703.jpg
704,patron_0704,SEGO_NVR/monty_RSL/patron_0704.jpg
705,patron_0705,SEGO_NVR/monty_RSL/patron_0705.jpg
706,patron_0706,SEGO_NVR/monty_RSL/patron_0706.jpg
707,patron_0707,SEGO_NVR/monty_RSL/patron_0707.jpg
708,patron_0708,SEGO_NVR/monty_RSL/patron_0708.jpg
709,patron_0709,SEGO_NVR/monty_RSL/patron_0709.jpg
710,patron_0710,SEGO_NVR/monty_RSL/patron_0710.jpg
711,patron_0711,SEGO_NVR/monty_RSL/patron_0711.jpg
712,patron_0712,SEGO_NVR/monty_RSL/patron_0712.jpg
713,patron_0713,SEGO_NVR/monty_RSL/patron_0713.jpg
714,patron_0714,SEGO_NVR/monty_RSL/patron_0714.jpg
715,patron_0715,SEGO_NVR/monty_RSL/patron_0715.jpg
716,patron_0716,SEGO_NVR/monty_RSL/patron_0716.jpg
717,patron_0717,SEGO_NVR/monty_RSL/patron_0717.jpg
718,patron_0718,SEGO_NVR/monty_RSL/patron_0718.jpg
719,patron_0719,SEGO_NVR/monty_RSL/patron_0719.jpg
720,patron_0720,SEGO_NVR/monty_RSL/patron_0720.jpg
721,patron_0721,SEGO_NVR/monty_RSL/patron_0721.jpg
722,patron_0722,SEGO_NVR/monty_RSL/patron_0722.jpg
723,patron_0723,SEGO_NVR/monty_RSL/patron_0723.jpg
724,patron_0724,SEGO_NVR/monty_RSL/patron_0724.jpg
725,patron_0725,SEGO_NVR/monty_RSL/patron_0725.jpg
726,patron_0726,SEGO_NVR/monty_RSL/patron_0726.jpg
727,patron_0727,SEGO_NVR/monty_RSL/patron_0727.jpg
728,patron_0728,SEGO_NVR/monty_RSL/patron_0728.jpg
729,patron_0729,SEGO_NVR/monty_RSL/patron_0729.jpg
730,patron_0730,SEGO_NVR/monty_RSL/patron_0730.jpg
731,patron_0731,SEGO_NVR/monty_RSL/patron_0731.jpg
732,patron_0732,SEGO_NVR/monty_RSL/patron_0732.jpg
733,patron_0733,SEGO_NVR/monty_RSL/patron_0733.jpg
734,patron_0734,SEGO_NVR/monty_RSL/patron_0734.jpg
735,patron_0735,SEGO_NVR/monty_RSL/patron_0735.jpg
736,patron_0736,SEGO_NVR/monty_RSL/patron_0736.jpg
737,patron_0737,SEGO_NVR/monty_RSL/patron_0737.jpg
738,patron_0738,SEGO_NVR/monty_RSL/patron_0738.jpg
739,patron_0739,SEGO_NVR/monty_RSL/patron_0739.jpg
740,patron_0740,SEGO_NVR/monty_RSL/patron_0740.jpg
741,patron_0741,SEGO_NVR/monty_RSL/patron_0741.jpg
742,patron_0742,SEGO_NVR/monty_RSL/patron_0742.jpg
743,patron_0743,SEGO_NVR/monty_RSL/patron_0743.jpg
744,patron_0744,SEGO_NVR/monty_RSL/patron_0744.jpg
745,patron_0745,SEGO_NVR/monty_RSL/patron_0745.jpg
746,patron_0746,SEGO_NVR/monty_RSL/patron_0746.jpg
747,patron_0747,SEGO_NVR/monty_RSL/patron_0747.jpg
748,patron_0748,SEGO_NVR/monty_RSL/patron_0748.jpg
749,patron_0749,SEGO_NVR/monty_RSL/patron_0749.jpg
750,patron_0750,SEGO_NVR/monty_RSL/patron_0750.jpg
751,patron_0751,SEGO_NVR/monty_RSL/patron_0751.jpg
752,patron_0752,SEGO_NVR/monty_RSL/patron_0752.jpg
753,patron_0753,SEGO_NVR/monty_RSL/patron_0753.jpg
754,patron_0754,SEGO_NVR/monty_RSL/patron_0754.jpg
755,patron_0755,SEGO_NVR/monty_RSL/patron_0755.jpg
756,patron_0756,SEGO_NVR/monty_RSL/patron_0756.jpg
757,patron_0757,SEGO_NVR/monty_RSL/patron_0757.jpg
758,patron_0758,SEGO_NVR/monty_RSL/patron_0758.jpg
759,patron_0759,SEGO_NVR/monty_RSL/patron_0759.jpg
760,patron_0760,SEGO_NVR/monty_RSL/patron_0760.jpg
761,patron_0761,SEGO_NVR/monty_RSL/patron_0761.jpg
762,patron_0762,SEGO_NVR/monty_RSL/patron_0762.jpg
763,patron_0763,SEGO_NVR/monty_RSL/patron_0763.jpg
764,patron_0764,SEGO_NVR/monty_RSL/patron_0764.jpg
765,patron_0765,SEGO_NVR/monty_RSL/patron_0765.jpg
766,patron_0766,SEGO_NVR/monty_RSL/patron_0766.jpg
767,patron_0767,SEGO_NVR/monty_RSL/patron_0767.jpg
768,patron_0768,SEGO_NVR/monty_RSL/patron_0768.jpg
769,patron_0769,SEGO_NVR/monty_RSL/patron_0769.jpg
770,patron_0770,SEGO_NVR/monty_RSL/patron_0770.jpg
771,patron_0771,SEGO_NVR/monty_RSL/patron_0771.jpg
772,patron_0772,SEGO_NVR/monty_RSL/patron_0772.jpg
773,patron_0773,SEGO_NVR/monty_RSL/patron_0773.jpg
774,patron_0774,SEGO_NVR/monty_RSL/patron_0774.jpg
775,patron_0775,SEGO_NVR/monty_RSL/patron_0775.jpg
776,patron_0776,SEGO_NVR/monty_RSL/patron_0776.jpg
777,patron_0777,SEGO_NVR/monty_RSL/patron_0777.jpg
778,patron_0778,SEGO_NVR/monty_RSL/patron_0778.jpg
779,patron_0779,SEGO_NVR/monty_RSL/patron_0779.jpg
780,patron_0780,SEGO_NVR/monty_RSL/patron_0780.jpg
781,patron_0781,SEGO_NVR/monty_RSL/patron_0781.jpg
782,patron_0782,SEGO_NVR/monty_RSL/patron_0782.jpg
783,patron_0783,SEGO_NVR/monty_RSL/patron_0783.jpg
784,patron_0784,SEGO_NVR/monty_RSL/patron_0784.jpg
785,patron_0785,SEGO_NVR/monty_RSL/patron_0785.jpg
786,patron_0786,SEGO_NVR/monty_RSL/patron_0786.jpg
787,patron_0787,SEGO_NVR/monty_RSL/patron_0787.jpg
788,patron_0788,SEGO_NVR/monty_RSL/patron_0788.jpg
789,patron_0789,SEGO_NVR/monty_RSL/patron_0789.jpg
790,patron_0790,SEGO_NVR/monty_RSL/patron_0790.jpg
791,patron_0791,SEGO_NVR/monty_RSL/patron_0791.jpg
792,patron_0792,SEGO_NVR/monty_RSL/patron_0792.jpg
793,patron_0793,SEGO_NVR/monty_RSL/patron_0793.jpg
794,patron_0794,SEGO_NVR/monty_RSL/patron_0794.jpg
795,patron_0795,SEGO_NVR/monty_RSL/patron_0795.jpg
796,patron_0796,SEGO_NVR/monty_RSL/patron_0796.jpg
797,patron_0797,SEGO_NVR/monty_RSL/patron_0797.jpg
798,patron_0798,SEGO_NVR/monty_RSL/patron_0798.jpg
799,patron_0799,SEGO_NVR/monty_RSL/patron_0799.jpg
800,patron_0800,SEGO_NVR/monty_RSL/patron_0800.jpg
801,patron_0801,SEGO_NVR/monty_RSL/patron_0801.jpg
802,patron_0802,SEGO_NVR/monty_RSL/patron_0802.jpg
803,patron_0803,SEGO_NVR/monty_RSL/patron_0803.jpg
804,patron_0804,SEGO_NVR/monty_RSL/patron_0804.jpg
805,patron_0805,SEGO_NVR/monty_RSL/patron_0805.jpg
806,patron_0806,SEGO_NVR/monty_RSL/patron_0806.jpg
807,patron_0807,SEGO_NVR/monty_RSL/patron_0807.jpg
808,patron_0808,SEGO_NVR/monty_RSL/patron_0808.jpg
809,patron_0809,SEGO_NVR/monty_RSL/patron_0809.jpg
810,patron_0810,SEGO_NVR/monty_RSL/patron_0810.jpg
811,patron_0811,SEGO_NVR/monty_RSL/patron_0811.jpg
812,patron_0812,SEGO_NVR/monty_RSL/patron_0812.jpg
813,patron_0813,SEGO_NVR/monty_RSL/patron_0813.jpg
814,patron_0814,SEGO_NVR/monty_RSL/patron_0814.jpg
815,patron_0815,SEGO_NVR/monty_RSL/patron_0815.jpg
816,patron_0816,SEGO_NVR/monty_RSL/patron_0816.jpg
817,patron_0817,SEGO_NVR/monty_RSL/patron_0817.jpg
818,patron_0818,SEGO_NVR/monty_RSL/patron_0818.jpg
819,patron_0819,SEGO_NVR/monty_RSL/patron_0819.jpg
820,patron_0820,SEGO_NVR/monty_RSL/patron_0820.jpg
821,patron_0821,SEGO_NVR/monty_RSL/patron_0821.jpg
822,patron_0822,SEGO_NVR/monty_RSL/patron_0822.jpg
823,patron_0823,SEGO_NVR/monty_RSL/patron_0823.jpg
824,patron_0824,SEGO_NVR/monty_RSL/patron_0824.jpg
825,patron_0825,SEGO_NVR/monty_RSL/patron_0825.jpg
826,patron_0826,SEGO_NVR/monty_RSL/patron_0826.jpg
827,patron_0827,SEGO_NVR/monty_RSL/patron_0827.jpg
828,patron_0828,SEGO_NVR/monty_RSL/patron_0828.jpg
829,patron_0829,SEGO_NVR/monty_RSL/patron_0829.jpg
830,patron_0830,SEGO_NVR/monty_RSL/patron_0830.jpg
831,patron_0831,SEGO_NVR/monty_RSL/patron_0831.jpg
832,patron_0832,SEGO_NVR/monty_RSL/patron_0832.jpg
833,patron_0833,SEGO_NVR/monty_RSL/patron_0833.jpg
834,patron_0834,SEGO_NVR/monty_RSL/patron_0834.jpg
835,patron_0835,SEGO_NVR/monty_RSL/patron_0835.jpg
836,patron_0836,SEGO_NVR/monty_RSL/patron_0836.jpg
837,patron_0837,SEGO_NVR/monty_RSL/patron_0837.jpg
838,patron_0838,SEGO_NVR/monty_RSL/patron_0838.jpg
839,patron_0839,SEGO_NVR/monty_RSL/patron_0839.jpg
840,patron_0840,SEGO_NVR/monty_RSL/patron_0840.jpg
841,patron_0841,SEGO_NVR/monty_RSL/patron_0841.jpg
842,patron_0842,SEGO_NVR/monty_RSL/patron_0842.jpg
843,patron_0843,SEGO_NVR/monty_RSL/patron_0843.jpg
844,patron_0844,SEGO_NVR/monty_RSL/patron_0844.jpg
845,patron_0845,SEGO_NVR/monty_RSL/patron_0845.jpg
846,patron_0846,SEGO_NVR/monty_RSL/patron_0846.jpg
847,patron_0847,SEGO_NVR/monty_RSL/patron_0847.jpg
848,patron_0848,SEGO_NVR/monty_RSL/patron_0848.jpg
849,patron_0849,SEGO_NVR/monty_RSL/patron_0849.jpg
850,patron_0850,SEGO_NVR/monty_RSL/patron_0850.jpg
851,patron_0851,SEGO_NVR/monty_RSL/patron_0851.jpg
852,patron_0852,SEGO_NVR/monty_RSL/patron_0852.jpg
