Name,Gender (Unidentified  Male  Female),Date of Birth,Nationality,Province,City,ID Type (ID Card  Passport  Driver's License  Other),ID No.,Image Path
patron_0001,Unidentified,,,,,Other,10000,./Image/patron_0001.jpg
patron_0002,Unidentified,,,,,Other,10001,./Image/patron_0002.jpg
patron_0003,Unidentified,,,,,Other,10002,./Image/patron_0003.jpg
patron_0004,Unidentified,,,,,Other,10003,./Image/patron_0004.jpg
patron_0005,Unidentified,,,,,Other,10004,./Image/patron_0005.jpg
patron_0006,Unidentified,,,,,Other,10005,./Image/patron_0006.jpg
patron_0007,Unidentified,,,,,Other,10006,./Image/patron_0007.jpg
patron_0008,Unidentified,,,,,Other,10007,./Image/patron_0008.jpg
patron_0009,Unidentified,,,,,Other,10008,./Image/patron_0009.jpg
patron_0010,Unidentified,,,,,Other,10009,./Image/patron_0010.jpg
patron_0011,Unidentified,,,,,Other,10010,./Image/patron_0011.jpg
patron_0012,Unidentified,,,,,Other,10011,./Image/patron_0012.jpg
patron_0013,Unidentified,,,,,Other,10012,./Image/patron_0013.jpg
patron_0014,Unidentified,,,,,Other,10013,./Image/patron_0014.jpg
patron_0015,Unidentified,,,,,Other,10014,./Image/patron_0015.jpg
patron_0016,Unidentified,,,,,Other,10015,./Image/patron_0016.jpg
patron_0017,Unidentified,,,,,Other,10016,./Image/patron_0017.jpg
patron_0018,Unidentified,,,,,Other,10017,./Image/patron_0018.jpg
patron_0019,Unidentified,,,,,Other,10018,./Image/patron_0019.jpg
patron_0020,Unidentified,,,,,Other,10019,./Image/patron_0020.jpg
patron_0021,Unidentified,,,,,Other,10020,./Image/patron_0021.jpg
patron_0022,Unidentified,,,,,Other,10021,./Image/patron_0022.jpg
patron_0023,Unidentified,,,,,Other,10022,./Image/patron_0023.jpg
patron_0024,Unidentified,,,,,Other,10023,./Image/patron_0024.jpg
patron_0025,Unidentified,,,,,Other,10024,./Image/patron_0025.jpg
patron_0026,Unidentified,,,,,Other,10025,./Image/patron_0026.jpg
patron_0027,Unidentified,,,,,Other,10026,./Image/patron_0027.jpg
patron_0028,Unidentified,,,,,Other,10027,./Image/patron_0028.jpg
patron_0029,Unidentified,,,,,Other,10028,./Image/patron_0029.jpg
patron_0030,Unidentified,,,,,Other,10029,./Image/patron_0030.jpg
patron_0031,Unidentified,,,,,Other,10030,./Image/patron_0031.jpg
patron_0032,Unidentified,,,,,Other,10031,./Image/patron_0032.jpg
patron_0033,Unidentified,,,,,Other,10032,./Image/patron_0033.jpg
patron_0034,Unidentified,,,,,Other,10033,./Image/patron_0034.jpg
patron_0035,Unidentified,,,,,Other,10034,./Image/patron_0035.jpg
patron_0036,Unidentified,,,,,Other,10035,./Image/patron_0036.jpg
patron_0037,Unidentified,,,,,Other,10036,./Image/patron_0037.jpg
patron_0038,Unidentified,,,,,Other,10037,./Image/patron_0038.jpg
patron_0039,Unidentified,,,,,Other,10038,./Image/patron_0039.jpg
patron_0040,Unidentified,,,,,Other,10039,./Image/patron_0040.jpg
patron_0041,Unidentified,,,,,Other,10040,./Image/patron_0041.jpg
patron_0042,Unidentified,,,,,Other,10041,./Image/patron_0042.jpg
patron_0043,Unidentified,,,,,Other,10042,./Image/patron_0043.jpg
patron_0044,Unidentified,,,,,Other,10043,./Image/patron_0044.jpg
patron_0045,Unidentified,,,,,Other,10044,./Image/patron_0045.jpg
patron_0046,Unidentified,,,,,Other,10045,./Image/patron_0046.jpg
patron_0047,Unidentified,,,,,Other,10046,./Image/patron_0047.jpg
patron_0048,Unidentified,,,,,Other,10047,./Image/patron_0048.jpg
patron_0049,Unidentified,,,,,Other,10048,./Image/patron_0049.jpg
patron_0050,Unidentified,,,,,Other,10049,./Image/patron_0050.jpg
patron_0051,Unidentified,,,,,Other,10050,./Image/patron_0051.jpg
patron_0052,Unidentified,,,,,Other,10051,./Image/patron_0052.jpg
patron_0053,Unidentified,,,,,Other,10052,./Image/patron_0053.jpg
patron_0054,Unidentified,,,,,Other,10053,./Image/patron_0054.jpg
patron_0055,Unidentified,,,,,Other,10054,./Image/patron_0055.jpg
patron_0056,Unidentified,,,,,Other,10055,./Image/patron_0056.jpg
patron_0057,Unidentified,,,,,Other,10056,./Image/patron_0057.jpg
patron_0058,Unidentified,,,,,Other,10057,./Image/patron_0058.jpg
patron_0059,Unidentified,,,,,Other,10058,./Image/patron_0059.jpg
patron_0060,Unidentified,,,,,Other,10059,./Image/patron_0060.jpg
patron_0061,Unidentified,,,,,Other,10060,./Image/patron_0061.jpg
patron_0062,Unidentified,,,,,Other,10061,./Image/patron_0062.jpg
patron_0063,Unidentified,,,,,Other,10062,./Image/patron_0063.jpg
patron_0064,Unidentified,,,,,Other,10063,./Image/patron_0064.jpg
patron_0065,Unidentified,,,,,Other,10064,./Image/patron_0065.jpg
patron_0066,Unidentified,,,,,Other,10065,./Image/patron_0066.jpg
patron_0067,Unidentified,,,,,Other,10066,./Image/patron_0067.jpg
patron_0068,Unidentified,,,,,Other,10067,./Image/patron_0068.jpg
patron_0069,Unidentified,,,,,Other,10068,./Image/patron_0069.jpg
patron_0070,Unidentified,,,,,Other,10069,./Image/patron_0070.jpg
patron_0071,Unidentified,,,,,Other,10070,./Image/patron_0071.jpg
patron_0072,Unidentified,,,,,Other,10071,./Image/patron_0072.jpg
patron_0073,Unidentified,,,,,Other,10072,./Image/patron_0073.jpg
patron_0074,Unidentified,,,,,Other,10073,./Image/patron_0074.jpg
patron_0075,Unidentified,,,,,Other,10074,./Image/patron_0075.jpg
patron_0076,Unidentified,,,,,Other,10075,./Image/patron_0076.jpg
patron_0077,Unidentified,,,,,Other,10076,./Image/patron_0077.jpg
patron_0078,Unidentified,,,,,Other,10077,./Image/patron_0078.jpg
patron_0079,Unidentified,,,,,Other,10078,./Image/patron_0079.jpg
patron_0080,Unidentified,,,,,Other,10079,./Image/patron_0080.jpg
patron_0081,Unidentified,,,,,Other,10080,./Image/patron_0081.jpg
patron_0082,Unidentified,,,,,Other,10081,./Image/patron_0082.jpg
patron_0083,Unidentified,,,,,Other,10082,./Image/patron_0083.jpg
patron_0084,Unidentified,,,,,Other,10083,./Image/patron_0084.jpg
patron_0085,Unidentified,,,,,Other,10084,./Image/patron_0085.jpg
patron_0086,Unidentified,,,,,Other,10085,./Image/patron_0086.jpg
patron_0087,Unidentified,,,,,Other,10086,./Image/patron_0087.jpg
patron_0088,Unidentified,,,,,Other,10087,./Image/patron_0088.jpg
patron_0089,Unidentified,,,,,Other,10088,./Image/patron_0089.jpg
patron_0090,Unidentified,,,,,Other,10089,./Image/patron_0090.jpg
patron_0091,Unidentified,,,,,Other,10090,./Image/patron_0091.jpg
patron_0092,Unidentified,,,,,Other,10091,./Image/patron_0092.jpg
patron_0093,Unidentified,,,,,Other,10092,./Image/patron_0093.jpg
patron_0094,Unidentified,,,,,Other,10093,./Image/patron_0094.jpg
patron_0095,Unidentified,,,,,Other,10094,./Image/patron_0095.jpg
patron_0096,Unidentified,,,,,Other,10095,./Image/patron_0096.jpg
patron_0097,Unidentified,,,,,Other,10096,./Image/patron_0097.jpg
patron_0098,Unidentified,,,,,Other,10097,./Image/patron_0098.jpg
patron_0099,Unidentified,,,,,Other,10098,./Image/patron_0099.jpg
patron_0100,Unidentified,,,,,Other,10099,./Image/patron_0100.jpg
patron_0101,Unidentified,,,,,Other,10100,./Image/patron_0101.jpg
patron_0102,Unidentified,,,,,Other,10101,./Image/patron_0102.jpg
patron_0103,Unidentified,,,,,Other,10102,./Image/patron_0103.jpg
patron_0104,Unidentified,,,,,Other,10103,./Image/patron_0104.jpg
patron_0105,Unidentified,,,,,Other,10104,./Image/patron_0105.jpg
patron_0106,Unidentified,,,,,Other,10105,./Image/patron_0106.jpg
patron_0107,Unidentified,,,,,Other,10106,./Image/patron_0107.jpg
patron_0108,Unidentified,,,,,Other,10107,./Image/patron_0108.jpg
patron_0109,Unidentified,,,,,Other,10108,./Image/patron_0109.jpg
patron_0110,Unidentified,,,,,Other,10109,./Image/patron_0110.jpg
patron_0111,Unidentified,,,,,Other,10110,./Image/patron_0111.jpg
patron_0112,Unidentified,,,,,Other,10111,./Image/patron_0112.jpg
patron_0113,Unidentified,,,,,Other,10112,./Image/patron_0113.jpg
patron_0114,Unidentified,,,,,Other,10113,./Image/patron_0114.jpg
patron_0115,Unidentified,,,,,Other,10114,./Image/patron_0115.jpg
patron_0116,Unidentified,,,,,Other,10115,./Image/patron_0116.jpg
patron_0117,Unidentified,,,,,Other,10116,./Image/patron_0117.jpg
patron_0118,Unidentified,,,,,Other,10117,./Image/patron_0118.jpg
patron_0119,Unidentified,,,,,Other,10118,./Image/patron_0119.jpg
patron_0120,Unidentified,,,,,Other,10119,./Image/patron_0120.jpg
patron_0121,Unidentified,,,,,Other,10120,./Image/patron_0121.jpg
patron_0122,Unidentified,,,,,Other,10121,./Image/patron_0122.jpg
patron_0123,Unidentified,,,,,Other,10122,./Image/patron_0123.jpg
patron_0124,Unidentified,,,,,Other,10123,./Image/patron_0124.jpg
patron_0125,Unidentified,,,,,Other,10124,./Image/patron_0125.jpg
patron_0126,Unidentified,,,,,Other,10125,./Image/patron_0126.jpg
patron_0127,Unidentified,,,,,Other,10126,./Image/patron_0127.jpg
patron_0128,Unidentified,,,,,Other,10127,./Image/patron_0128.jpg
patron_0129,Unidentified,,,,,Other,10128,./Image/patron_0129.jpg
patron_0130,Unidentified,,,,,Other,10129,./Image/patron_0130.jpg
patron_0131,Unidentified,,,,,Other,10130,./Image/patron_0131.jpg
patron_0132,Unidentified,,,,,Other,10131,./Image/patron_0132.jpg
patron_0133,Unidentified,,,,,Other,10132,./Image/patron_0133.jpg
patron_0134,Unidentified,,,,,Other,10133,./Image/patron_0134.jpg
patron_0135,Unidentified,,,,,Other,10134,./Image/patron_0135.jpg
patron_0136,Unidentified,,,,,Other,10135,./Image/patron_0136.jpg
patron_0137,Unidentified,,,,,Other,10136,./Image/patron_0137.jpg
patron_0138,Unidentified,,,,,Other,10137,./Image/patron_0138.jpg
patron_0139,Unidentified,,,,,Other,10138,./Image/patron_0139.jpg
patron_0140,Unidentified,,,,,Other,10139,./Image/patron_0140.jpg
patron_0141,Unidentified,,,,,Other,10140,./Image/patron_0141.jpg
patron_0142,Unidentified,,,,,Other,10141,./Image/patron_0142.jpg
patron_0143,Unidentified,,,,,Other,10142,./Image/patron_0143.jpg
patron_0144,Unidentified,,,,,Other,10143,./Image/patron_0144.jpg
patron_0145,Unidentified,,,,,Other,10144,./Image/patron_0145.jpg
patron_0146,Unidentified,,,,,Other,10145,./Image/patron_0146.jpg
patron_0147,Unidentified,,,,,Other,10146,./Image/patron_0147.jpg
patron_0148,Unidentified,,,,,Other,10147,./Image/patron_0148.jpg
patron_0149,Unidentified,,,,,Other,10148,./Image/patron_0149.jpg
patron_0150,Unidentified,,,,,Other,10149,./Image/patron_0150.jpg
patron_0151,Unidentified,,,,,Other,10150,./Image/patron_0151.jpg
patron_0152,Unidentified,,,,,Other,10151,./Image/patron_0152.jpg
patron_0153,Unidentified,,,,,Other,10152,./Image/patron_0153.jpg
patron_0154,Unidentified,,,,,Other,10153,./Image/patron_0154.jpg
patron_0155,Unidentified,,,,,Other,10154,./Image/patron_0155.jpg
patron_0156,Unidentified,,,,,Other,10155,./Image/patron_0156.jpg
patron_0157,Unidentified,,,,,Other,10156,./Image/patron_0157.jpg
patron_0158,Unidentified,,,,,Other,10157,./Image/patron_0158.jpg
patron_0159,Unidentified,,,,,Other,10158,./Image/patron_0159.jpg
patron_0160,Unidentified,,,,,Other,10159,./Image/patron_0160.jpg
patron_0161,Unidentified,,,,,Other,10160,./Image/patron_0161.jpg
patron_0162,Unidentified,,,,,Other,10161,./Image/patron_0162.jpg
patron_0163,Unidentified,,,,,Other,10162,./Image/patron_0163.jpg
patron_0164,Unidentified,,,,,Other,10163,./Image/patron_0164.jpg
patron_0165,Unidentified,,,,,Other,10164,./Image/patron_0165.jpg
patron_0166,Unidentified,,,,,Other,10165,./Image/patron_0166.jpg
patron_0167,Unidentified,,,,,Other,10166,./Image/patron_0167.jpg
patron_0168,Unidentified,,,,,Other,10167,./Image/patron_0168.jpg
patron_0169,Unidentified,,,,,Other,10168,./Image/patron_0169.jpg
patron_0170,Unidentified,,,,,Other,10169,./Image/patron_0170.jpg
patron_0171,Unidentified,,,,,Other,10170,./Image/patron_0171.jpg
patron_0172,Unidentified,,,,,Other,10171,./Image/patron_0172.jpg
patron_0173,Unidentified,,,,,Other,10172,./Image/patron_0173.jpg
patron_0174,Unidentified,,,,,Other,10173,./Image/patron_0174.jpg
patron_0175,Unidentified,,,,,Other,10174,./Image/patron_0175.jpg
patron_0176,Unidentified,,,,,Other,10175,./Image/patron_0176.jpg
patron_0177,Unidentified,,,,,Other,10176,./Image/patron_0177.jpg
patron_0178,Unidentified,,,,,Other,10177,./Image/patron_0178.jpg
patron_0179,Unidentified,,,,,Other,10178,./Image/patron_0179.jpg
patron_0180,Unidentified,,,,,Other,10179,./Image/patron_0180.jpg
patron_0181,Unidentified,,,,,Other,10180,./Image/patron_0181.jpg
patron_0182,Unidentified,,,,,Other,10181,./Image/patron_0182.jpg
patron_0183,Unidentified,,,,,Other,10182,./Image/patron_0183.jpg
patron_0184,Unidentified,,,,,Other,10183,./Image/patron_0184.jpg
patron_0185,Unidentified,,,,,Other,10184,./Image/patron_0185.jpg
patron_0186,Unidentified,,,,,Other,10185,./Image/patron_0186.jpg
patron_0187,Unidentified,,,,,Other,10186,./Image/patron_0187.jpg
patron_0188,Unidentified,,,,,Other,10187,./Image/patron_0188.jpg
patron_0189,Unidentified,,,,,Other,10188,./Image/patron_0189.jpg
patron_0190,Unidentified,,,,,Other,10189,./Image/patron_0190.jpg
patron_0191,Unidentified,,,,,Other,10190,./Image/patron_0191.jpg
patron_0192,Unidentified,,,,,Other,10191,./Image/patron_0192.jpg
patron_0193,Unidentified,,,,,Other,10192,./Image/patron_0193.jpg
patron_0194,Unidentified,,,,,Other,10193,./Image/patron_0194.jpg
patron_0195,Unidentified,,,,,Other,10194,./Image/patron_0195.jpg
patron_0196,Unidentified,,,,,Other,10195,./Image/patron_0196.jpg
patron_0197,Unidentified,,,,,Other,10196,./Image/patron_0197.jpg
patron_0198,Unidentified,,,,,Other,10197,./Image/patron_0198.jpg
patron_0199,Unidentified,,,,,Other,10198,./Image/patron_0199.jpg
patron_0200,Unidentified,,,,,Other,10199,./Image/patron_0200.jpg
patron_0201,Unidentified,,,,,Other,10200,./Image/patron_0201.jpg
patron_0202,Unidentified,,,,,Other,10201,./Image/patron_0202.jpg
patron_0203,Unidentified,,,,,Other,10202,./Image/patron_0203.jpg
patron_0204,Unidentified,,,,,Other,10203,./Image/patron_0204.jpg
patron_0205,Unidentified,,,,,Other,10204,./Image/patron_0205.jpg
patron_0206,Unidentified,,,,,Other,10205,./Image/patron_0206.jpg
patron_0207,Unidentified,,,,,Other,10206,./Image/patron_0207.jpg
patron_0208,Unidentified,,,,,Other,10207,./Image/patron_0208.jpg
patron_0209,Unidentified,,,,,Other,10208,./Image/patron_0209.jpg
patron_0210,Unidentified,,,,,Other,10209,./Image/patron_0210.jpg
patron_0211,Unidentified,,,,,Other,10210,./Image/patron_0211.jpg
patron_0212,Unidentified,,,,,Other,10211,./Image/patron_0212.jpg
patron_0213,Unidentified,,,,,Other,10212,./Image/patron_0213.jpg
patron_0214,Unidentified,,,,,Other,10213,./Image/patron_0214.jpg
patron_0215,Unidentified,,,,,Other,10214,./Image/patron_0215.jpg
patron_0216,Unidentified,,,,,Other,10215,./Image/patron_0216.jpg
patron_0217,Unidentified,,,,,Other,10216,./Image/patron_0217.jpg
patron_0218,Unidentified,,,,,Other,10217,./Image/patron_0218.jpg
patron_0219,Unidentified,,,,,Other,10218,./Image/patron_0219.jpg
patron_0220,Unidentified,,,,,Other,10219,./Image/patron_0220.jpg
patron_0221,Unidentified,,,,,Other,10220,./Image/patron_0221.jpg
patron_0222,Unidentified,,,,,Other,10221,./Image/patron_0222.jpg
patron_0223,Unidentified,,,,,Other,10222,./Image/patron_0223.jpg
patron_0224,Unidentified,,,,,Other,10223,./Image/patron_0224.jpg
patron_0225,Unidentified,,,,,Other,10224,./Image/patron_0225.jpg
patron_0226,Unidentified,,,,,Other,10225,./Image/patron_0226.jpg
patron_0227,Unidentified,,,,,Other,10226,./Image/patron_0227.jpg
patron_0228,Unidentified,,,,,Other,10227,./Image/patron_0228.jpg
patron_0229,Unidentified,,,,,Other,10228,./Image/patron_0229.jpg
patron_0230,Unidentified,,,,,Other,10229,./Image/patron_0230.jpg
patron_0231,Unidentified,,,,,Other,10230,./Image/patron_0231.jpg
patron_0232,Unidentified,,,,,Other,10231,./Image/patron_0232.jpg
patron_0233,Unidentified,,,,,Other,10232,./Image/patron_0233.jpg
patron_0234,Unidentified,,,,,Other,10233,./Image/patron_0234.jpg
patron_0235,Unidentified,,,,,Other,10234,./Image/patron_0235.jpg
patron_0236,Unidentified,,,,,Other,10235,./Image/patron_0236.jpg
patron_0237,Unidentified,,,,,Other,10236,./Image/patron_0237.jpg
patron_0238,Unidentified,,,,,Other,10237,./Image/patron_0238.jpg
patron_0239,Unidentified,,,,,Other,10238,./Image/patron_0239.jpg
patron_0240,Unidentified,,,,,Other,10239,./Image/patron_0240.jpg
patron_0241,Unidentified,,,,,Other,10240,./Image/patron_0241.jpg
patron_0242,Unidentified,,,,,Other,10241,./Image/patron_0242.jpg
patron_0243,Unidentified,,,,,Other,10242,./Image/patron_0243.jpg
patron_0244,Unidentified,,,,,Other,10243,./Image/patron_0244.jpg
patron_0245,Unidentified,,,,,Other,10244,./Image/patron_0245.jpg
patron_0246,Unidentified,,,,,Other,10245,./Image/patron_0246.jpg
patron_0247,Unidentified,,,,,Other,10246,./Image/patron_0247.jpg
patron_0248,Unidentified,,,,,Other,10247,./Image/patron_0248.jpg
patron_0249,Unidentified,,,,,Other,10248,./Image/patron_0249.jpg
patron_0250,Unidentified,,,,,Other,10249,./Image/patron_0250.jpg
patron_0251,Unidentified,,,,,Other,10250,./Image/patron_0251.jpg
patron_0252,Unidentified,,,,,Other,10251,./Image/patron_0252.jpg
patron_0253,Unidentified,,,,,Other,10252,./Image/patron_0253.jpg
patron_0254,Unidentified,,,,,Other,10253,./Image/patron_0254.jpg
patron_0255,Unidentified,,,,,Other,10254,./Image/patron_0255.jpg
patron_0256,Unidentified,,,,,Other,10255,./Image/patron_0256.jpg
patron_0257,Unidentified,,,,,Other,10256,./Image/patron_0257.jpg
patron_0258,Unidentified,,,,,Other,10257,./Image/patron_0258.jpg
patron_0259,Unidentified,,,,,Other,10258,./Image/patron_0259.jpg
patron_0260,Unidentified,,,,,Other,10259,./Image/patron_0260.jpg
patron_0261,Unidentified,,,,,Other,10260,./Image/patron_0261.jpg
patron_0262,Unidentified,,,,,Other,10261,./Image/patron_0262.jpg
patron_0263,Unidentified,,,,,Other,10262,./Image/patron_0263.jpg
patron_0264,Unidentified,,,,,Other,10263,./Image/patron_0264.jpg
patron_0265,Unidentified,,,,,Other,10264,./Image/patron_0265.jpg
patron_0266,Unidentified,,,,,Other,10265,./Image/patron_0266.jpg
patron_0267,Unidentified,,,,,Other,10266,./Image/patron_0267.jpg
patron_0268,Unidentified,,,,,Other,10267,./Image/patron_0268.jpg
patron_0269,Unidentified,,,,,Other,10268,./Image/patron_0269.jpg
patron_0270,Unidentified,,,,,Other,10269,./Image/patron_0270.jpg
patron_0271,Unidentified,,,,,Other,10270,./Image/patron_0271.jpg
patron_0272,Unidentified,,,,,Other,10271,./Image/patron_0272.jpg
patron_0273,Unidentified,,,,,Other,10272,./Image/patron_0273.jpg
patron_0274,Unidentified,,,,,Other,10273,./Image/patron_0274.jpg
patron_0275,Unidentified,,,,,Other,10274,./Image/patron_0275.jpg
patron_0276,Unidentified,,,,,Other,10275,./Image/patron_0276.jpg
patron_0277,Unidentified,,,,,Other,10276,./Image/patron_0277.jpg
patron_0278,Unidentified,,,,,Other,10277,./Image/patron_0278.jpg
patron_0279,Unidentified,,,,,Other,10278,./Image/patron_0279.jpg
patron_0280,Unidentified,,,,,Other,10279,./Image/patron_0280.jpg
patron_0281,Unidentified,,,,,Other,10280,./Image/patron_0281.jpg
patron_0282,Unidentified,,,,,Other,10281,./Image/patron_0282.jpg
patron_0283,Unidentified,,,,,Other,10282,./Image/patron_0283.jpg
patron_0284,Unidentified,,,,,Other,10283,./Image/patron_0284.jpg
patron_0285,Unidentified,,,,,Other,10284,./Image/patron_0285.jpg
patron_0286,Unidentified,,,,,Other,10285,./Image/patron_0286.jpg
patron_0287,Unidentified,,,,,Other,10286,./Image/patron_0287.jpg
patron_0288,Unidentified,,,,,Other,10287,./Image/patron_0288.jpg
patron_0289,Unidentified,,,,,Other,10288,./Image/patron_0289.jpg
patron_0290,Unidentified,,,,,Other,10289,./Image/patron_0290.jpg
patron_0291,Unidentified,,,,,Other,10290,./Image/patron_0291.jpg
patron_0292,Unidentified,,,,,Other,10291,./Image/patron_0292.jpg
patron_0293,Unidentified,,,,,Other,10292,./Image/patron_0293.jpg
patron_0294,Unidentified,,,,,Other,10293,./Image/patron_0294.jpg
patron_0295,Unidentified,,,,,Other,10294,./Image/patron_0295.jpg
patron_0296,Unidentified,,,,,Other,10295,./Image/patron_0296.jpg
patron_0297,Unidentified,,,,,Other,10296,./Image/patron_0297.jpg
patron_0298,Unidentified,,,,,Other,10297,./Image/patron_0298.jpg
patron_0299,Unidentified,,,,,Other,10298,./Image/patron_0299.jpg
patron_0300,Unidentified,,,,,Other,10299,./Image/patron_0300.jpg
patron_0301,Unidentified,,,,,Other,10300,./Image/patron_0301.jpg
patron_0302,Unidentified,,,,,Other,10301,./Image/patron_0302.jpg
patron_0303,Unidentified,,,,,Other,10302,./Image/patron_0303.jpg
patron_0304,Unidentified,,,,,Other,10303,./Image/patron_0304.jpg
patron_0305,Unidentified,,,,,Other,10304,./Image/patron_0305.jpg
patron_0306,Unidentified,,,,,Other,10305,./Image/patron_0306.jpg
patron_0307,Unidentified,,,,,Other,10306,./Image/patron_0307.jpg
patron_0308,Unidentified,,,,,Other,10307,./Image/patron_0308.jpg
patron_0309,Unidentified,,,,,Other,10308,./Image/patron_0309.jpg
patron_0310,Unidentified,,,,,Other,10309,./Image/patron_0310.jpg
patron_0311,Unidentified,,,,,Other,10310,./Image/patron_0311.jpg
patron_0312,Unidentified,,,,,Other,10311,./Image/patron_0312.jpg
patron_0313,Unidentified,,,,,Other,10312,./Image/patron_0313.jpg
patron_0314,Unidentified,,,,,Other,10313,./Image/patron_0314.jpg
patron_0315,Unidentified,,,,,Other,10314,./Image/patron_0315.jpg
patron_0316,Unidentified,,,,,Other,10315,./Image/patron_0316.jpg
patron_0317,Unidentified,,,,,Other,10316,./Image/patron_0317.jpg
patron_0318,Unidentified,,,,,Other,10317,./Image/patron_0318.jpg
patron_0319,Unidentified,,,,,Other,10318,./Image/patron_0319.jpg
patron_0320,Unidentified,,,,,Other,10319,./Image/patron_0320.jpg
patron_0321,Unidentified,,,,,Other,10320,./Image/patron_0321.jpg
patron_0322,Unidentified,,,,,Other,10321,./Image/patron_0322.jpg
patron_0323,Unidentified,,,,,Other,10322,./Image/patron_0323.jpg
patron_0324,Unidentified,,,,,Other,10323,./Image/patron_0324.jpg
patron_0325,Unidentified,,,,,Other,10324,./Image/patron_0325.jpg
patron_0326,Unidentified,,,,,Other,10325,./Image/patron_0326.jpg
patron_0327,Unidentified,,,,,Other,10326,./Image/patron_0327.jpg
patron_0328,Unidentified,,,,,Other,10327,./Image/patron_0328.jpg
patron_0329,Unidentified,,,,,Other,10328,./Image/patron_0329.jpg
patron_0330,Unidentified,,,,,Other,10329,./Image/patron_0330.jpg
patron_0331,Unidentified,,,,,Other,10330,./Image/patron_0331.jpg
patron_0332,Unidentified,,,,,Other,10331,./Image/patron_0332.jpg
patron_0333,Unidentified,,,,,Other,10332,./Image/patron_0333.jpg
patron_0334,Unidentified,,,,,Other,10333,./Image/patron_0334.jpg
patron_0335,Unidentified,,,,,Other,10334,./Image/patron_0335.jpg
patron_0336,Unidentified,,,,,Other,10335,./Image/patron_0336.jpg
patron_0337,Unidentified,,,,,Other,10336,./Image/patron_0337.jpg
patron_0338,Unidentified,,,,,Other,10337,./Image/patron_0338.jpg
patron_0339,Unidentified,,,,,Other,10338,./Image/patron_0339.jpg
patron_0340,Unidentified,,,,,Other,10339,./Image/patron_0340.jpg
patron_0341,Unidentified,,,,,Other,10340,./Image/patron_0341.jpg
patron_0342,Unidentified,,,,,Other,10341,./Image/patron_0342.jpg
patron_0343,Unidentified,,,,,Other,10342,./Image/patron_0343.jpg
patron_0344,Unidentified,,,,,Other,10343,./Image/patron_0344.jpg
patron_0345,Unidentified,,,,,Other,10344,./Image/patron_0345.jpg
patron_0346,Unidentified,,,,,Other,10345,./Image/patron_0346.jpg
patron_0347,Unidentified,,,,,Other,10346,./Image/patron_0347.jpg
patron_0348,Unidentified,,,,,Other,10347,./Image/patron_0348.jpg
patron_0349,Unidentified,,,,,Other,10348,./Image/patron_0349.jpg
patron_0350,Unidentified,,,,,Other,10349,./Image/patron_0350.jpg
patron_0351,Unidentified,,,,,Other,10350,./Image/patron_0351.jpg
patron_0352,Unidentified,,,,,Other,10351,./Image/patron_0352.jpg
patron_0353,Unidentified,,,,,Other,10352,./Image/patron_0353.jpg
patron_0354,Unidentified,,,,,Other,10353,./Image/patron_0354.jpg
patron_0355,Unidentified,,,,,Other,10354,./Image/patron_0355.jpg
patron_0356,Unidentified,,,,,Other,10355,./Image/patron_0356.jpg
patron_0357,Unidentified,,,,,Other,10356,./Image/patron_0357.jpg
patron_0358,Unidentified,,,,,Other,10357,./Image/patron_0358.jpg
patron_0359,Unidentified,,,,,Other,10358,./Image/patron_0359.jpg
patron_0360,Unidentified,,,,,Other,10359,./Image/patron_0360.jpg
patron_0361,Unidentified,,,,,Other,10360,./Image/patron_0361.jpg
patron_0362,Unidentified,,,,,Other,10361,./Image/patron_0362.jpg
patron_0363,Unidentified,,,,,Other,10362,./Image/patron_0363.jpg
patron_0364,Unidentified,,,,,Other,10363,./Image/patron_0364.jpg
patron_0365,Unidentified,,,,,Other,10364,./Image/patron_0365.jpg
patron_0366,Unidentified,,,,,Other,10365,./Image/patron_0366.jpg
patron_0367,Unidentified,,,,,Other,10366,./Image/patron_0367.jpg
patron_0368,Unidentified,,,,,Other,10367,./Image/patron_0368.jpg
patron_0369,Unidentified,,,,,Other,10368,./Image/patron_0369.jpg
patron_0370,Unidentified,,,,,Other,10369,./Image/patron_0370.jpg
patron_0371,Unidentified,,,,,Other,10370,./Image/patron_0371.jpg
patron_0372,Unidentified,,,,,Other,10371,./Image/patron_0372.jpg
patron_0373,Unidentified,,,,,Other,10372,./Image/patron_0373.jpg
patron_0374,Unidentified,,,,,Other,10373,./Image/patron_0374.jpg
patron_0375,Unidentified,,,,,Other,10374,./Image/patron_0375.jpg
patron_0376,Unidentified,,,,,Other,10375,./Image/patron_0376.jpg
patron_0377,Unidentified,,,,,Other,10376,./Image/patron_0377.jpg
patron_0378,Unidentified,,,,,Other,10377,./Image/patron_0378.jpg
patron_0379,Unidentified,,,,,Other,10378,./Image/patron_0379.jpg
patron_0380,Unidentified,,,,,Other,10379,./Image/patron_0380.jpg
patron_0381,Unidentified,,,,,Other,10380,./Image/patron_0381.jpg
patron_0382,Unidentified,,,,,Other,10381,./Image/patron_0382.jpg
patron_0383,Unidentified,,,,,Other,10382,./Image/patron_0383.jpg
patron_0384,Unidentified,,,,,Other,10383,./Image/patron_0384.jpg
patron_0385,Unidentified,,,,,Other,10384,./Image/patron_0385.jpg
patron_0386,Unidentified,,,,,Other,10385,./Image/patron_0386.jpg
patron_0387,Unidentified,,,,,Other,10386,./Image/patron_0387.jpg
patron_0388,Unidentified,,,,,Other,10387,./Image/patron_0388.jpg
patron_0389,Unidentified,,,,,Other,10388,./Image/patron_0389.jpg
patron_0390,Unidentified,,,,,Other,10389,./Image/patron_0390.jpg
patron_0391,Unidentified,,,,,Other,10390,./Image/patron_0391.jpg
patron_0392,Unidentified,,,,,Other,10391,./Image/patron_0392.jpg
patron_0393,Unidentified,,,,,Other,10392,./Image/patron_0393.jpg
patron_0394,Unidentified,,,,,Other,10393,./Image/patron_0394.jpg
patron_0395,Unidentified,,,,,Other,10394,./Image/patron_0395.jpg
patron_0396,Unidentified,,,,,Other,10395,./Image/patron_0396.jpg
patron_0397,Unidentified,,,,,Other,10396,./Image/patron_0397.jpg
patron_0398,Unidentified,,,,,Other,10397,./Image/patron_0398.jpg
patron_0399,Unidentified,,,,,Other,10398,./Image/patron_0399.jpg
patron_0400,Unidentified,,,,,Other,10399,./Image/patron_0400.jpg
patron_0401,Unidentified,,,,,Other,10400,./Image/patron_0401.jpg
patron_0402,Unidentified,,,,,Other,10401,./Image/patron_0402.jpg
patron_0403,Unidentified,,,,,Other,10402,./Image/patron_0403.jpg
patron_0404,Unidentified,,,,,Other,10403,./Image/patron_0404.jpg
patron_0405,Unidentified,,,,,Other,10404,./Image/patron_0405.jpg
patron_0406,Unidentified,,,,,Other,10405,./Image/patron_0406.jpg
patron_0407,Unidentified,,,,,Other,10406,./Image/patron_0407.jpg
patron_0408,Unidentified,,,,,Other,10407,./Image/patron_0408.jpg
patron_0409,Unidentified,,,,,Other,10408,./Image/patron_0409.jpg
patron_0410,Unidentified,,,,,Other,10409,./Image/patron_0410.jpg
patron_0411,Unidentified,,,,,Other,10410,./Image/patron_0411.jpg
patron_0412,Unidentified,,,,,Other,10411,./Image/patron_0412.jpg
patron_0413,Unidentified,,,,,Other,10412,./Image/patron_0413.jpg
patron_0414,Unidentified,,,,,Other,10413,./Image/patron_0414.jpg
patron_0415,Unidentified,,,,,Other,10414,./Image/patron_0415.jpg
patron_0416,Unidentified,,,,,Other,10415,./Image/patron_0416.jpg
patron_0417,Unidentified,,,,,Other,10416,./Image/patron_0417.jpg
patron_0418,Unidentified,,,,,Other,10417,./Image/patron_0418.jpg
patron_0419,Unidentified,,,,,Other,10418,./Image/patron_0419.jpg
patron_0420,Unidentified,,,,,Other,10419,./Image/patron_0420.jpg
patron_0421,Unidentified,,,,,Other,10420,./Image/patron_0421.jpg
patron_0422,Unidentified,,,,,Other,10421,./Image/patron_0422.jpg
patron_0423,Unidentified,,,,,Other,10422,./Image/patron_0423.jpg
patron_0424,Unidentified,,,,,Other,10423,./Image/patron_0424.jpg
patron_0425,Unidentified,,,,,Other,10424,./Image/patron_0425.jpg
patron_0426,Unidentified,,,,,Other,10425,./Image/patron_0426.jpg
patron_0427,Unidentified,,,,,Other,10426,./Image/patron_0427.jpg
patron_0428,Unidentified,,,,,Other,10427,./Image/patron_0428.jpg
patron_0429,Unidentified,,,,,Other,10428,./Image/patron_0429.jpg
patron_0430,Unidentified,,,,,Other,10429,./Image/patron_0430.jpg
patron_0431,Unidentified,,,,,Other,10430,./Image/patron_0431.jpg
patron_0432,Unidentified,,,,,Other,10431,./Image/patron_0432.jpg
patron_0433,Unidentified,,,,,Other,10432,./Image/patron_0433.jpg
patron_0434,Unidentified,,,,,Other,10433,./Image/patron_0434.jpg
patron_0435,Unidentified,,,,,Other,10434,./Image/patron_0435.jpg
patron_0436,Unidentified,,,,,Other,10435,./Image/patron_0436.jpg
patron_0437,Unidentified,,,,,Other,10436,./Image/patron_0437.jpg
patron_0438,Unidentified,,,,,Other,10437,./Image/patron_0438.jpg
patron_0439,Unidentified,,,,,Other,10438,./Image/patron_0439.jpg
patron_0440,Unidentified,,,,,Other,10439,./Image/patron_0440.jpg
patron_0441,Unidentified,,,,,Other,10440,./Image/patron_0441.jpg
patron_0442,Unidentified,,,,,Other,10441,./Image/patron_0442.jpg
patron_0443,Unidentified,,,,,Other,10442,./Image/patron_0443.jpg
patron_0444,Unidentified,,,,,Other,10443,./Image/patron_0444.jpg
patron_0445,Unidentified,,,,,Other,10444,./Image/patron_0445.jpg
patron_0446,Unidentified,,,,,Other,10445,./Image/patron_0446.jpg
patron_0447,Unidentified,,,,,Other,10446,./Image/patron_0447.jpg
patron_0448,Unidentified,,,,,Other,10447,./Image/patron_0448.jpg
patron_0449,Unidentified,,,,,Other,10448,./Image/patron_0449.jpg
patron_0450,Unidentified,,,,,Other,10449,./Image/patron_0450.jpg
patron_0451,Unidentified,,,,,Other,10450,./Image/patron_0451.jpg
patron_0452,Unidentified,,,,,Other,10451,./Image/patron_0452.jpg
patron_0453,Unidentified,,,,,Other,10452,./Image/patron_0453.jpg
patron_0454,Unidentified,,,,,Other,10453,./Image/patron_0454.jpg
patron_0455,Unidentified,,,,,Other,10454,./Image/patron_0455.jpg
patron_0456,Unidentified,,,,,Other,10455,./Image/patron_0456.jpg
patron_0457,Unidentified,,,,,Other,10456,./Image/patron_0457.jpg
patron_0458,Unidentified,,,,,Other,10457,./Image/patron_0458.jpg
patron_0459,Unidentified,,,,,Other,10458,./Image/patron_0459.jpg
patron_0460,Unidentified,,,,,Other,10459,./Image/patron_0460.jpg
patron_0461,Unidentified,,,,,Other,10460,./Image/patron_0461.jpg
patron_0462,Unidentified,,,,,Other,10461,./Image/patron_0462.jpg
patron_0463,Unidentified,,,,,Other,10462,./Image/patron_0463.jpg
patron_0464,Unidentified,,,,,Other,10463,./Image/patron_0464.jpg
patron_0465,Unidentified,,,,,Other,10464,./Image/patron_0465.jpg
patron_0466,Unidentified,,,,,Other,10465,./Image/patron_0466.jpg
patron_0467,Unidentified,,,,,Other,10466,./Image/patron_0467.jpg
patron_0468,Unidentified,,,,,Other,10467,./Image/patron_0468.jpg
patron_0469,Unidentified,,,,,Other,10468,./Image/patron_0469.jpg
patron_0470,Unidentified,,,,,Other,10469,./Image/patron_0470.jpg
patron_0471,Unidentified,,,,,Other,10470,./Image/patron_0471.jpg
patron_0472,Unidentified,,,,,Other,10471,./Image/patron_0472.jpg
patron_0473,Unidentified,,,,,Other,10472,./Image/patron_0473.jpg
patron_0474,Unidentified,,,,,Other,10473,./Image/patron_0474.jpg
patron_0475,Unidentified,,,,,Other,10474,./Image/patron_0475.jpg
patron_0476,Unidentified,,,,,Other,10475,./Image/patron_0476.jpg
patron_0477,Unidentified,,,,,Other,10476,./Image/patron_0477.jpg
patron_0478,Unidentified,,,,,Other,10477,./Image/patron_0478.jpg
patron_0479,Unidentified,,,,,Other,10478,./Image/patron_0479.jpg
patron_0480,Unidentified,,,,,Other,10479,./Image/patron_0480.jpg
patron_0481,Unidentified,,,,,Other,10480,./Image/patron_0481.jpg
patron_0482,Unidentified,,,,,Other,10481,./Image/patron_0482.jpg
patron_0483,Unidentified,,,,,Other,10482,./Image/patron_0483.jpg
patron_0484,Unidentified,,,,,Other,10483,./Image/patron_0484.jpg
patron_0485,Unidentified,,,,,Other,10484,./Image/patron_0485.jpg
patron_0486,Unidentified,,,,,Other,10485,./Image/patron_0486.jpg
patron_0487,Unidentified,,,,,Other,10486,./Image/patron_0487.jpg
patron_0488,Unidentified,,,,,Other,10487,./Image/patron_0488.jpg
patron_0489,Unidentified,,,,,Other,10488,./Image/patron_0489.jpg
patron_0490,Unidentified,,,,,Other,10489,./Image/patron_0490.jpg
patron_0491,Unidentified,,,,,Other,10490,./Image/patron_0491.jpg
patron_0492,Unidentified,,,,,Other,10491,./Image/patron_0492.jpg
patron_0493,Unidentified,,,,,Other,10492,./Image/patron_0493.jpg
patron_0494,Unidentified,,,,,Other,10493,./Image/patron_0494.jpg
patron_0495,Unidentified,,,,,Other,10494,./Image/patron_0495.jpg
patron_0496,Unidentified,,,,,Other,10495,./Image/patron_0496.jpg
patron_0497,Unidentified,,,,,Other,10496,./Image/patron_0497.jpg
patron_0498,Unidentified,,,,,Other,10497,./Image/patron_0498.jpg
patron_0499,Unidentified,,,,,Other,10498,./Image/patron_0499.jpg
patron_0500,Unidentified,,,,,Other,10499,./Image/patron_0500.jpg
patron_0501,Unidentified,,,,,Other,10500,./Image/patron_0501.jpg
patron_0502,Unidentified,,,,,Other,10501,./Image/patron_0502.jpg
patron_0503,Unidentified,,,,,Other,10502,./Image/patron_0503.jpg
patron_0504,Unidentified,,,,,Other,10503,./Image/patron_0504.jpg
patron_0505,Unidentified,,,,,Other,10504,./Image/patron_0505.jpg
patron_0506,Unidentified,,,,,Other,10505,./Image/patron_0506.jpg
patron_0507,Unidentified,,,,,Other,10506,./Image/patron_0507.jpg
patron_0508,Unidentified,,,,,Other,10507,./Image/patron_0508.jpg
patron_0509,Unidentified,,,,,Other,10508,./Image/patron_0509.jpg
patron_0510,Unidentified,,,,,Other,10509,./Image/patron_0510.jpg
patron_0511,Unidentified,,,,,Other,10510,./Image/patron_0511.jpg
patron_0512,Unidentified,,,,,Other,10511,./Image/patron_0512.jpg
patron_0513,Unidentified,,,,,Other,10512,./Image/patron_0513.jpg
patron_0514,Unidentified,,,,,Other,10513,./Image/patron_0514.jpg
patron_0515,Unidentified,,,,,Other,10514,./Image/patron_0515.jpg
patron_0516,Unidentified,,,,,Other,10515,./Image/patron_0516.jpg
patron_0517,Unidentified,,,,,Other,10516,./Image/patron_0517.jpg
patron_0518,Unidentified,,,,,Other,10517,./Image/patron_0518.jpg
patron_0519,Unidentified,,,,,Other,10518,./Image/patron_0519.jpg
patron_0520,Unidentified,,,,,Other,10519,./Image/patron_0520.jpg
patron_0521,Unidentified,,,,,Other,10520,./Image/patron_0521.jpg
patron_0522,Unidentified,,,,,Other,10521,./Image/patron_0522.jpg
patron_0523,Unidentified,,,,,Other,10522,./Image/patron_0523.jpg
patron_0524,Unidentified,,,,,Other,10523,./Image/patron_0524.jpg
patron_0525,Unidentified,,,,,Other,10524,./Image/patron_0525.jpg
patron_0526,Unidentified,,,,,Other,10525,./Image/patron_0526.jpg
patron_0527,Unidentified,,,,,Other,10526,./Image/patron_0527.jpg
patron_0528,Unidentified,,,,,Other,10527,./Image/patron_0528.jpg
patron_0529,Unidentified,,,,,Other,10528,./Image/patron_0529.jpg
patron_0530,Unidentified,,,,,Other,10529,./Image/patron_0530.jpg
patron_0531,Unidentified,,,,,Other,10530,./Image/patron_0531.jpg
patron_0532,Unidentified,,,,,Other,10531,./Image/patron_0532.jpg
patron_0533,Unidentified,,,,,Other,10532,./Image/patron_0533.jpg
patron_0534,Unidentified,,,,,Other,10533,./Image/patron_0534.jpg
patron_0535,Unidentified,,,,,Other,10534,./Image/patron_0535.jpg
patron_0536,Unidentified,,,,,Other,10535,./Image/patron_0536.jpg
patron_0537,Unidentified,,,,,Other,10536,./Image/patron_0537.jpg
patron_0538,Unidentified,,,,,Other,10537,./Image/patron_0538.jpg
patron_0539,Unidentified,,,,,Other,10538,./Image/patron_0539.jpg
patron_0540,Unidentified,,,,,Other,10539,./Image/patron_0540.jpg
patron_0541,Unidentified,,,,,Other,10540,./Image/patron_0541.jpg
patron_0542,Unidentified,,,,,Other,10541,./Image/patron_0542.jpg
patron_0543,Unidentified,,,,,Other,10542,./Image/patron_0543.jpg
patron_0544,Unidentified,,,,,Other,10543,./Image/patron_0544.jpg
patron_0545,Unidentified,,,,,Other,10544,./Image/patron_0545.jpg
patron_0546,Unidentified,,,,,Other,10545,./Image/patron_0546.jpg
patron_0547,Unidentified,,,,,Other,10546,./Image/patron_0547.jpg
patron_0548,Unidentified,,,,,Other,10547,./Image/patron_0548.jpg
patron_0549,Unidentified,,,,,Other,10548,./Image/patron_0549.jpg
patron_0550,Unidentified,,,,,Other,10549,./Image/patron_0550.jpg
patron_0551,Unidentified,,,,,Other,10550,./Image/patron_0551.jpg
patron_0552,Unidentified,,,,,Other,10551,./Image/patron_0552.jpg
patron_0553,Unidentified,,,,,Other,10552,./Image/patron_0553.jpg
patron_0554,Unidentified,,,,,Other,10553,./Image/patron_0554.jpg
patron_0555,Unidentified,,,,,Other,10554,./Image/patron_0555.jpg
patron_0556,Unidentified,,,,,Other,10555,./Image/patron_0556.jpg
patron_0557,Unidentified,,,,,Other,10556,./Image/patron_0557.jpg
patron_0558,Unidentified,,,,,Other,10557,./Image/patron_0558.jpg
patron_0559,Unidentified,,,,,Other,10558,./Image/patron_0559.jpg
patron_0560,Unidentified,,,,,Other,10559,./Image/patron_0560.jpg
patron_0561,Unidentified,,,,,Other,10560,./Image/patron_0561.jpg
patron_0562,Unidentified,,,,,Other,10561,./Image/patron_0562.jpg
patron_0563,Unidentified,,,,,Other,10562,./Image/patron_0563.jpg
patron_0564,Unidentified,,,,,Other,10563,./Image/patron_0564.jpg
patron_0565,Unidentified,,,,,Other,10564,./Image/patron_0565.jpg
patron_0566,Unidentified,,,,,Other,10565,./Image/patron_0566.jpg
patron_0567,Unidentified,,,,,Other,10566,./Image/patron_0567.jpg
patron_0568,Unidentified,,,,,Other,10567,./Image/patron_0568.jpg
patron_0569,Unidentified,,,,,Other,10568,./Image/patron_0569.jpg
patron_0570,Unidentified,,,,,Other,10569,./Image/patron_0570.jpg
patron_0571,Unidentified,,,,,Other,10570,./Image/patron_0571.jpg
patron_0572,Unidentified,,,,,Other,10571,./Image/patron_0572.jpg
patron_0573,Unidentified,,,,,Other,10572,./Image/patron_0573.jpg
patron_0574,Unidentified,,,,,Other,10573,./Image/patron_0574.jpg
patron_0575,Unidentified,,,,,Other,10574,./Image/patron_0575.jpg
patron_0576,Unidentified,,,,,Other,10575,./Image/patron_0576.jpg
patron_0577,Unidentified,,,,,Other,10576,./Image/patron_0577.jpg
patron_0578,Unidentified,,,,,Other,10577,./Image/patron_0578.jpg
patron_0579,Unidentified,,,,,Other,10578,./Image/patron_0579.jpg
patron_0580,Unidentified,,,,,Other,10579,./Image/patron_0580.jpg
patron_0581,Unidentified,,,,,Other,10580,./Image/patron_0581.jpg
patron_0582,Unidentified,,,,,Other,10581,./Image/patron_0582.jpg
patron_0583,Unidentified,,,,,Other,10582,./Image/patron_0583.jpg
patron_0584,Unidentified,,,,,Other,10583,./Image/patron_0584.jpg
patron_0585,Unidentified,,,,,Other,10584,./Image/patron_0585.jpg
patron_0586,Unidentified,,,,,Other,10585,./Image/patron_0586.jpg
patron_0587,Unidentified,,,,,Other,10586,./Image/patron_0587.jpg
patron_0588,Unidentified,,,,,Other,10587,./Image/patron_0588.jpg
patron_0589,Unidentified,,,,,Other,10588,./Image/patron_0589.jpg
patron_0590,Unidentified,,,,,Other,10589,./Image/patron_0590.jpg
patron_0591,Unidentified,,,,,Other,10590,./Image/patron_0591.jpg
patron_0592,Unidentified,,,,,Other,10591,./Image/patron_0592.jpg
patron_0593,Unidentified,,,,,Other,10592,./Image/patron_0593.jpg
patron_0594,Unidentified,,,,,Other,10593,./Image/patron_0594.jpg
patron_0595,Unidentified,,,,,Other,10594,./Image/patron_0595.jpg
patron_0596,Unidentified,,,,,Other,10595,./Image/patron_0596.jpg
patron_0597,Unidentified,,,,,Other,10596,./Image/patron_0597.jpg
patron_0598,Unidentified,,,,,Other,10597,./Image/patron_0598.jpg
patron_0599,Unidentified,,,,,Other,10598,./Image/patron_0599.jpg
patron_0600,Unidentified,,,,,Other,10599,./Image/patron_0600.jpg
patron_0601,Unidentified,,,,,Other,10600,./Image/patron_0601.jpg
patron_0602,Unidentified,,,,,Other,10601,./Image/patron_0602.jpg
patron_0603,Unidentified,,,,,Other,10602,./Image/patron_0603.jpg
patron_0604,Unidentified,,,,,Other,10603,./Image/patron_0604.jpg
patron_0605,Unidentified,,,,,Other,10604,./Image/patron_0605.jpg
patron_0606,Unidentified,,,,,Other,10605,./Image/patron_0606.jpg
patron_0607,Unidentified,,,,,Other,10606,./Image/patron_0607.jpg
patron_0608,Unidentified,,,,,Other,10607,./Image/patron_0608.jpg
patron_0609,Unidentified,,,,,Other,10608,./Image/patron_0609.jpg
patron_0610,Unidentified,,,,,Other,10609,./Image/patron_0610.jpg
patron_0611,Unidentified,,,,,Other,10610,./Image/patron_0611.jpg
patron_0612,Unidentified,,,,,Other,10611,./Image/patron_0612.jpg
patron_0613,Unidentified,,,,,Other,10612,./Image/patron_0613.jpg
patron_0614,Unidentified,,,,,Other,10613,./Image/patron_0614.jpg
patron_0615,Unidentified,,,,,Other,10614,./Image/patron_0615.jpg
patron_0616,Unidentified,,,,,Other,10615,./Image/patron_0616.jpg
patron_0617,Unidentified,,,,,Other,10616,./Image/patron_0617.jpg
patron_0618,Unidentified,,,,,Other,10617,./Image/patron_0618.jpg
patron_0619,Unidentified,,,,,Other,10618,./Image/patron_0619.jpg
patron_0620,Unidentified,,,,,Other,10619,./Image/patron_0620.jpg
patron_0621,Unidentified,,,,,Other,10620,./Image/patron_0621.jpg
patron_0622,Unidentified,,,,,Other,10621,./Image/patron_0622.jpg
patron_0623,Unidentified,,,,,Other,10622,./Image/patron_0623.jpg
patron_0624,Unidentified,,,,,Other,10623,./Image/patron_0624.jpg
patron_0625,Unidentified,,,,,Other,10624,./Image/patron_0625.jpg
patron_0626,Unidentified,,,,,Other,10625,./Image/patron_0626.jpg
patron_0627,Unidentified,,,,,Other,10626,./Image/patron_0627.jpg
patron_0628,Unidentified,,,,,Other,10627,./Image/patron_0628.jpg
patron_0629,Unidentified,,,,,Other,10628,./Image/patron_0629.jpg
patron_0630,Unidentified,,,,,Other,10629,./Image/patron_0630.jpg
patron_0631,Unidentified,,,,,Other,10630,./Image/patron_0631.jpg
patron_0632,Unidentified,,,,,Other,10631,./Image/patron_0632.jpg
patron_0633,Unidentified,,,,,Other,10632,./Image/patron_0633.jpg
patron_0634,Unidentified,,,,,Other,10633,./Image/patron_0634.jpg
patron_0635,Unidentified,,,,,Other,10634,./Image/patron_0635.jpg
patron_0636,Unidentified,,,,,Other,10635,./Image/patron_0636.jpg
patron_0637,Unidentified,,,,,Other,10636,./Image/patron_0637.jpg
patron_0638,Unidentified,,,,,Other,10637,./Image/patron_0638.jpg
patron_0639,Unidentified,,,,,Other,10638,./Image/patron_0639.jpg
patron_0640,Unidentified,,,,,Other,10639,./Image/patron_0640.jpg
patron_0641,Unidentified,,,,,Other,10640,./Image/patron_0641.jpg
patron_0642,Unidentified,,,,,Other,10641,./Image/patron_0642.jpg
patron_0643,Unidentified,,,,,Other,10642,./Image/patron_0643.jpg
patron_0644,Unidentified,,,,,Other,10643,./Image/patron_0644.jpg
patron_0645,Unidentified,,,,,Other,10644,./Image/patron_0645.jpg
patron_0646,Unidentified,,,,,Other,10645,./Image/patron_0646.jpg
patron_0647,Unidentified,,,,,Other,10646,./Image/patron_0647.jpg
patron_0648,Unidentified,,,,,Other,10647,./Image/patron_0648.jpg
patron_0649,Unidentified,,,,,Other,10648,./Image/patron_0649.jpg
patron_0650,Unidentified,,,,,Other,10649,./Image/patron_0650.jpg
patron_0651,Unidentified,,,,,Other,10650,./Image/patron_0651.jpg
patron_0652,Unidentified,,,,,Other,10651,./Image/patron_0652.jpg
patron_0653,Unidentified,,,,,Other,10652,./Image/patron_0653.jpg
patron_0654,Unidentified,,,,,Other,10653,./Image/patron_0654.jpg
patron_0655,Unidentified,,,,,Other,10654,./Image/patron_0655.jpg
patron_0656,Unidentified,,,,,Other,10655,./Image/patron_0656.jpg
patron_0657,Unidentified,,,,,Other,10656,./Image/patron_0657.jpg
patron_0658,Unidentified,,,,,Other,10657,./Image/patron_0658.jpg
patron_0659,Unidentified,,,,,Other,10658,./Image/patron_0659.jpg
patron_0660,Unidentified,,,,,Other,10659,./Image/patron_0660.jpg
patron_0661,Unidentified,,,,,Other,10660,./Image/patron_0661.jpg
patron_0662,Unidentified,,,,,Other,10661,./Image/patron_0662.jpg
patron_0663,Unidentified,,,,,Other,10662,./Image/patron_0663.jpg
patron_0664,Unidentified,,,,,Other,10663,./Image/patron_0664.jpg
patron_0665,Unidentified,,,,,Other,10664,./Image/patron_0665.jpg
patron_0666,Unidentified,,,,,Other,10665,./Image/patron_0666.jpg
patron_0667,Unidentified,,,,,Other,10666,./Image/patron_0667.jpg
patron_0668,Unidentified,,,,,Other,10667,./Image/patron_0668.jpg
patron_0669,Unidentified,,,,,Other,10668,./Image/patron_0669.jpg
patron_0670,Unidentified,,,,,Other,10669,./Image/patron_0670.jpg
patron_0671,Unidentified,,,,,Other,10670,./Image/patron_0671.jpg
patron_0672,Unidentified,,,,,Other,10671,./Image/patron_0672.jpg
patron_0673,Unidentified,,,,,Other,10672,./Image/patron_0673.jpg
patron_0674,Unidentified,,,,,Other,10673,./Image/patron_0674.jpg
patron_0675,Unidentified,,,,,Other,10674,./Image/patron_0675.jpg
patron_0676,Unidentified,,,,,Other,10675,./Image/patron_0676.jpg
patron_0677,Unidentified,,,,,Other,10676,./Image/patron_0677.jpg
patron_0678,Unidentified,,,,,Other,10677,./Image/patron_0678.jpg
patron_0679,Unidentified,,,,,Other,10678,./Image/patron_0679.jpg
patron_0680,Unidentified,,,,,Other,10679,./Image/patron_0680.jpg
patron_0681,Unidentified,,,,,Other,10680,./Image/patron_0681.jpg
patron_0682,Unidentified,,,,,Other,10681,./Image/patron_0682.jpg
patron_0683,Unidentified,,,,,Other,10682,./Image/patron_0683.jpg
patron_0684,Unidentified,,,,,Other,10683,./Image/patron_0684.jpg
patron_0685,Unidentified,,,,,Other,10684,./Image/patron_0685.jpg
patron_0686,Unidentified,,,,,Other,10685,./Image/patron_0686.jpg
patron_0687,Unidentified,,,,,Other,10686,./Image/patron_0687.jpg
patron_0688,Unidentified,,,,,Other,10687,./Image/patron_0688.jpg
patron_0689,Unidentified,,,,,Other,10688,./Image/patron_0689.jpg
patron_0690,Unidentified,,,,,Other,10689,./Image/patron_0690.jpg
patron_0691,Unidentified,,,,,Other,10690,./Image/patron_0691.jpg
patron_0692,Unidentified,,,,,Other,10691,./Image/patron_0692.jpg
patron_0693,Unidentified,,,,,Other,10692,./Image/patron_0693.jpg
patron_0694,Unidentified,,,,,Other,10693,./Image/patron_0694.jpg
patron_0695,Unidentified,,,,,Other,10694,./Image/patron_0695.jpg
patron_0696,Unidentified,,,,,Other,10695,./Image/patron_0696.jpg
patron_0697,Unidentified,,,,,Other,10696,./Image/patron_0697.jpg
patron_0698,Unidentified,,,,,Other,10697,./Image/patron_0698.jpg
patron_0699,Unidentified,,,,,Other,10698,./Image/patron_0699.jpg
patron_0700,Unidentified,,,,,Other,10699,./Image/patron_0700.jpg
patron_0701,Unidentified,,,,,Other,10700,./Image/patron_0701.jpg
patron_0702,Unidentified,,,,,Other,10701,./Image/patron_0702.jpg
patron_0703,Unidentified,,,,,Other,10702,./Image/patron_0703.jpg
patron_0704,Unidentified,,,,,Other,10703,./Image/patron_0704.jpg
patron_0705,Unidentified,,,,,Other,10704,./Image/patron_0705.jpg
patron_0706,Unidentified,,,,,Other,10705,./Image/patron_0706.jpg
patron_0707,Unidentified,,,,,Other,10706,./Image/patron_0707.jpg
patron_0708,Unidentified,,,,,Other,10707,./Image/patron_0708.jpg
patron_0709,Unidentified,,,,,Other,10708,./Image/patron_0709.jpg
patron_0710,Unidentified,,,,,Other,10709,./Image/patron_0710.jpg
patron_0711,Unidentified,,,,,Other,10710,./Image/patron_0711.jpg
patron_0712,Unidentified,,,,,Other,10711,./Image/patron_0712.jpg
patron_0713,Unidentified,,,,,Other,10712,./Image/patron_0713.jpg
patron_0714,Unidentified,,,,,Other,10713,./Image/patron_0714.jpg
patron_0715,Unidentified,,,,,Other,10714,./Image/patron_0715.jpg
patron_0716,Unidentified,,,,,Other,10715,./Image/patron_0716.jpg
patron_0717,Unidentified,,,,,Other,10716,./Image/patron_0717.jpg
patron_0718,Unidentified,,,,,Other,10717,./Image/patron_0718.jpg
patron_0719,Unidentified,,,,,Other,10718,./Image/patron_0719.jpg
patron_0720,Unidentified,,,,,Other,10719,./Image/patron_0720.jpg
patron_0721,Unidentified,,,,,Other,10720,./Image/patron_0721.jpg
patron_0722,Unidentified,,,,,Other,10721,./Image/patron_0722.jpg
patron_0723,Unidentified,,,,,Other,10722,./Image/patron_0723.jpg
patron_0724,Unidentified,,,,,Other,10723,./Image/patron_0724.jpg
patron_0725,Unidentified,,,,,Other,10724,./Image/patron_0725.jpg
patron_0726,Unidentified,,,,,Other,10725,./Image/patron_0726.jpg
patron_0727,Unidentified,,,,,Other,10726,./Image/patron_0727.jpg
patron_0728,Unidentified,,,,,Other,10727,./Image/patron_0728.jpg
patron_0729,Unidentified,,,,,Other,10728,./Image/patron_0729.jpg
patron_0730,Unidentified,,,,,Other,10729,./Image/patron_0730.jpg
patron_0731,Unidentified,,,,,Other,10730,./Image/patron_0731.jpg
patron_0732,Unidentified,,,,,Other,10731,./Image/patron_0732.jpg
patron_0733,Unidentified,,,,,Other,10732,./Image/patron_0733.jpg
patron_0734,Unidentified,,,,,Other,10733,./Image/patron_0734.jpg
patron_0735,Unidentified,,,,,Other,10734,./Image/patron_0735.jpg
patron_0736,Unidentified,,,,,Other,10735,./Image/patron_0736.jpg
patron_0737,Unidentified,,,,,Other,10736,./Image/patron_0737.jpg
patron_0738,Unidentified,,,,,Other,10737,./Image/patron_0738.jpg
patron_0739,Unidentified,,,,,Other,10738,./Image/patron_0739.jpg
patron_0740,Unidentified,,,,,Other,10739,./Image/patron_0740.jpg
patron_0741,Unidentified,,,,,Other,10740,./Image/patron_0741.jpg
patron_0742,Unidentified,,,,,Other,10741,./Image/patron_0742.jpg
patron_0743,Unidentified,,,,,Other,10742,./Image/patron_0743.jpg
patron_0744,Unidentified,,,,,Other,10743,./Image/patron_0744.jpg
patron_0745,Unidentified,,,,,Other,10744,./Image/patron_0745.jpg
patron_0746,Unidentified,,,,,Other,10745,./Image/patron_0746.jpg
patron_0747,Unidentified,,,,,Other,10746,./Image/patron_0747.jpg
patron_0748,Unidentified,,,,,Other,10747,./Image/patron_0748.jpg
patron_0749,Unidentified,,,,,Other,10748,./Image/patron_0749.jpg
patron_0750,Unidentified,,,,,Other,10749,./Image/patron_0750.jpg
patron_0751,Unidentified,,,,,Other,10750,./Image/patron_0751.jpg
patron_0752,Unidentified,,,,,Other,10751,./Image/patron_0752.jpg
patron_0753,Unidentified,,,,,Other,10752,./Image/patron_0753.jpg
patron_0754,Unidentified,,,,,Other,10753,./Image/patron_0754.jpg
patron_0755,Unidentified,,,,,Other,10754,./Image/patron_0755.jpg
patron_0756,Unidentified,,,,,Other,10755,./Image/patron_0756.jpg
patron_0757,Unidentified,,,,,Other,10756,./Image/patron_0757.jpg
patron_0758,Unidentified,,,,,Other,10757,./Image/patron_0758.jpg
patron_0759,Unidentified,,,,,Other,10758,./Image/patron_0759.jpg
patron_0760,Unidentified,,,,,Other,10759,./Image/patron_0760.jpg
patron_0761,Unidentified,,,,,Other,10760,./Image/patron_0761.jpg
patron_0762,Unidentified,,,,,Other,10761,./Image/patron_0762.jpg
patron_0763,Unidentified,,,,,Other,10762,./Image/patron_0763.jpg
patron_0764,Unidentified,,,,,Other,10763,./Image/patron_0764.jpg
patron_0765,Unidentified,,,,,Other,10764,./Image/patron_0765.jpg
patron_0766,Unidentified,,,,,Other,10765,./Image/patron_0766.jpg
patron_0767,Unidentified,,,,,Other,10766,./Image/patron_0767.jpg
patron_0768,Unidentified,,,,,Other,10767,./Image/patron_0768.jpg
patron_0769,Unidentified,,,,,Other,10768,./Image/patron_0769.jpg
patron_0770,Unidentified,,,,,Other,10769,./Image/patron_0770.jpg
patron_0771,Unidentified,,,,,Other,10770,./Image/patron_0771.jpg
patron_0772,Unidentified,,,,,Other,10771,./Image/patron_0772.jpg
patron_0773,Unidentified,,,,,Other,10772,./Image/patron_0773.jpg
patron_0774,Unidentified,,,,,Other,10773,./Image/patron_0774.jpg
patron_0775,Unidentified,,,,,Other,10774,./Image/patron_0775.jpg
patron_0776,Unidentified,,,,,Other,10775,./Image/patron_0776.jpg
patron_0777,Unidentified,,,,,Other,10776,./Image/patron_0777.jpg
patron_0778,Unidentified,,,,,Other,10777,./Image/patron_0778.jpg
patron_0779,Unidentified,,,,,Other,10778,./Image/patron_0779.jpg
patron_0780,Unidentified,,,,,Other,10779,./Image/patron_0780.jpg
patron_0781,Unidentified,,,,,Other,10780,./Image/patron_0781.jpg
patron_0782,Unidentified,,,,,Other,10781,./Image/patron_0782.jpg
patron_0783,Unidentified,,,,,Other,10782,./Image/patron_0783.jpg
patron_0784,Unidentified,,,,,Other,10783,./Image/patron_0784.jpg
patron_0785,Unidentified,,,,,Other,10784,./Image/patron_0785.jpg
patron_0786,Unidentified,,,,,Other,10785,./Image/patron_0786.jpg
patron_0787,Unidentified,,,,,Other,10786,./Image/patron_0787.jpg
patron_0788,Unidentified,,,,,Other,10787,./Image/patron_0788.jpg
patron_0789,Unidentified,,,,,Other,10788,./Image/patron_0789.jpg
patron_0790,Unidentified,,,,,Other,10789,./Image/patron_0790.jpg
patron_0791,Unidentified,,,,,Other,10790,./Image/patron_0791.jpg
patron_0792,Unidentified,,,,,Other,10791,./Image/patron_0792.jpg
patron_0793,Unidentified,,,,,Other,10792,./Image/patron_0793.jpg
patron_0794,Unidentified,,,,,Other,10793,./Image/patron_0794.jpg
patron_0795,Unidentified,,,,,Other,10794,./Image/patron_0795.jpg
patron_0796,Unidentified,,,,,Other,10795,./Image/patron_0796.jpg
patron_0797,Unidentified,,,,,Other,10796,./Image/patron_0797.jpg
patron_0798,Unidentified,,,,,Other,10797,./Image/patron_0798.jpg
patron_0799,Unidentified,,,,,Other,10798,./Image/patron_0799.jpg
patron_0800,Unidentified,,,,,Other,10799,./Image/patron_0800.jpg
patron_0801,Unidentified,,,,,Other,10800,./Image/patron_0801.jpg
patron_0802,Unidentified,,,,,Other,10801,./Image/patron_0802.jpg
patron_0803,Unidentified,,,,,Other,10802,./Image/patron_0803.jpg
patron_0804,Unidentified,,,,,Other,10803,./Image/patron_0804.jpg
patron_0805,Unidentified,,,,,Other,10804,./Image/patron_0805.jpg
patron_0806,Unidentified,,,,,Other,10805,./Image/patron_0806.jpg
patron_0807,Unidentified,,,,,Other,10806,./Image/patron_0807.jpg
patron_0808,Unidentified,,,,,Other,10807,./Image/patron_0808.jpg
patron_0809,Unidentified,,,,,Other,10808,./Image/patron_0809.jpg
patron_0810,Unidentified,,,,,Other,10809,./Image/patron_0810.jpg
patron_0811,Unidentified,,,,,Other,10810,./Image/patron_0811.jpg
patron_0812,Unidentified,,,,,Other,10811,./Image/patron_0812.jpg
patron_0813,Unidentified,,,,,Other,10812,./Image/patron_0813.jpg
patron_0814,Unidentified,,,,,Other,10813,./Image/patron_0814.jpg
patron_0815,Unidentified,,,,,Other,10814,./Image/patron_0815.jpg
patron_0816,Unidentified,,,,,Other,10815,./Image/patron_0816.jpg
patron_0817,Unidentified,,,,,Other,10816,./Image/patron_0817.jpg
patron_0818,Unidentified,,,,,Other,10817,./Image/patron_0818.jpg
patron_0819,Unidentified,,,,,Other,10818,./Image/patron_0819.jpg
patron_0820,Unidentified,,,,,Other,10819,./Image/patron_0820.jpg
patron_0821,Unidentified,,,,,Other,10820,./Image/patron_0821.jpg
patron_0822,Unidentified,,,,,Other,10821,./Image/patron_0822.jpg
patron_0823,Unidentified,,,,,Other,10822,./Image/patron_0823.jpg
patron_0824,Unidentified,,,,,Other,10823,./Image/patron_0824.jpg
patron_0825,Unidentified,,,,,Other,10824,./Image/patron_0825.jpg
patron_0826,Unidentified,,,,,Other,10825,./Image/patron_0826.jpg
patron_0827,Unidentified,,,,,Other,10826,./Image/patron_0827.jpg
patron_0828,Unidentified,,,,,Other,10827,./Image/patron_0828.jpg
patron_0829,Unidentified,,,,,Other,10828,./Image/patron_0829.jpg
patron_0830,Unidentified,,,,,Other,10829,./Image/patron_0830.jpg
patron_0831,Unidentified,,,,,Other,10830,./Image/patron_0831.jpg
patron_0832,Unidentified,,,,,Other,10831,./Image/patron_0832.jpg
patron_0833,Unidentified,,,,,Other,10832,./Image/patron_0833.jpg
patron_0834,Unidentified,,,,,Other,10833,./Image/patron_0834.jpg
patron_0835,Unidentified,,,,,Other,10834,./Image/patron_0835.jpg
patron_0836,Unidentified,,,,,Other,10835,./Image/patron_0836.jpg
patron_0837,Unidentified,,,,,Other,10836,./Image/patron_0837.jpg
patron_0838,Unidentified,,,,,Other,10837,./Image/patron_0838.jpg
patron_0839,Unidentified,,,,,Other,10838,./Image/patron_0839.jpg
patron_0840,Unidentified,,,,,Other,10839,./Image/patron_0840.jpg
patron_0841,Unidentified,,,,,Other,10840,./Image/patron_0841.jpg
patron_0842,Unidentified,,,,,Other,10841,./Image/patron_0842.jpg
patron_0843,Unidentified,,,,,Other,10842,./Image/patron_0843.jpg
patron_0844,Unidentified,,,,,Other,10843,./Image/patron_0844.jpg
patron_0845,Unidentified,,,,,Other,10844,./Image/patron_0845.jpg
patron_0846,Unidentified,,,,,Other,10845,./Image/patron_0846.jpg
patron_0847,Unidentified,,,,,Other,10846,./Image/patron_0847.jpg
patron_0848,Unidentified,,,,,Other,10847,./Image/patron_0848.jpg
patron_0849,Unidentified,,,,,Other,10848,./Image/patron_0849.jpg
patron_0850,Unidentified,,,,,Other,10849,./Image/patron_0850.jpg
patron_0851,Unidentified,,,,,Other,10850,./Image/patron_0851.jpg
patron_0852,Unidentified,,,,,Other,10851,./Image/patron_0852.jpg
